construction heuristic,flip fct,step fct,network name,n,m,k,k-index,edge connectivity,initial max-flow,best max-flow,first interdiction max-flow,best search max-flow,delta cost calculations,flips,non-improving flips,tabu-searches in k,tabu-searches in G,list of max-flows,probability p
rand,rand,prob,Small.100.10.2.1.gexf,100,1000,2,1,10,10.0,8.0,10.0,8.0,2234,134,114,0,0,"[10.0, 10.0, 10.0, 10.0, 10.0, 10.0, 10.0, 10.0, 10.0, 9.0, 10.0, 10.0, 10.0, 10.0, 10.0, 10.0, 10.0, 10.0, 9.0, 10.0, 10.0, 10.0, 10.0, 10.0, 10.0, 10.0, 10.0, 10.0, 9.0, 10.0, 10.0, 10.0, 10.0, 10.0, 10.0, 10.0, 10.0, 10.0, 10.0, 10.0, 10.0, 9.0, 10.0, 9.0, 9.0, 8.0, 9.0, 10.0, 10.0, 10.0, 10.0, 10.0, 9.0, 9.0, 10.0, 10.0, 10.0, 9.0, 10.0, 10.0, 10.0, 10.0, 9.0, 9.0, 10.0, 9.0, 9.0, 8.0, 9.0, 9.0, 10.0, 10.0, 10.0, 10.0, 10.0, 9.0, 10.0, 9.0, 9.0, 10.0, 10.0, 10.0, 10.0, 9.0, 9.0, 10.0, 9.0, 9.0, 9.0, 10.0, 9.0, 9.0, 9.0, 9.0, 10.0, 10.0, 10.0, 10.0, 10.0, 10.0, 10.0, 10.0, 10.0, 10.0, 10.0, 10.0, 10.0, 10.0, 10.0, 10.0, 10.0, 10.0, 9.0, 8.0, 9.0, 10.0, 10.0, 10.0, 10.0, 10.0, 10.0, 10.0, 10.0, 10.0, 9.0, 10.0, 10.0, 10.0, 9.0, 10.0, 10.0, 10.0, 10.0, 10.0, 10.0, 10.0]",0.05
rand,rand,prob,Small.100.10.2.1.gexf,100,1000,3,2,10,10.0,8.0,10.0,8.0,2297,122,100,0,0,"[10.0, 10.0, 10.0, 10.0, 10.0, 10.0, 9.0, 10.0, 9.0, 9.0, 10.0, 10.0, 10.0, 10.0, 10.0, 10.0, 9.0, 9.0, 10.0, 9.0, 9.0, 8.0, 9.0, 10.0, 10.0, 10.0, 10.0, 10.0, 10.0, 10.0, 10.0, 9.0, 8.0, 9.0, 9.0, 10.0, 10.0, 10.0, 10.0, 9.0, 8.0, 9.0, 10.0, 10.0, 10.0, 9.0, 8.0, 9.0, 10.0, 10.0, 10.0, 9.0, 8.0, 8.0, 9.0, 10.0, 10.0, 9.0, 9.0, 9.0, 9.0, 10.0, 10.0, 10.0, 10.0, 10.0, 10.0, 10.0, 10.0, 9.0, 9.0, 9.0, 10.0, 9.0, 9.0, 10.0, 9.0, 10.0, 10.0, 10.0, 10.0, 10.0, 9.0, 10.0, 10.0, 10.0, 10.0, 10.0, 10.0, 10.0, 10.0, 9.0, 9.0, 9.0, 10.0, 10.0, 10.0, 10.0, 9.0, 9.0, 9.0, 9.0, 9.0, 8.0, 9.0, 9.0, 9.0, 9.0, 9.0, 10.0, 10.0, 10.0, 10.0, 10.0, 9.0, 9.0, 9.0, 10.0, 10.0, 10.0, 10.0, 10.0, 10.0, 10.0]",0.05
rand,rand,prob,Small.100.10.2.1.gexf,100,1000,5,3,10,10.0,6.0,9.0,6.0,2234,124,111,0,0,"[10.0, 9.0, 9.0, 9.0, 9.0, 9.0, 9.0, 9.0, 10.0, 10.0, 10.0, 10.0, 10.0, 9.0, 9.0, 9.0, 9.0, 9.0, 9.0, 8.0, 8.0, 8.0, 9.0, 8.0, 9.0, 9.0, 10.0, 10.0, 10.0, 10.0, 10.0, 10.0, 10.0, 10.0, 10.0, 10.0, 9.0, 9.0, 9.0, 9.0, 10.0, 10.0, 10.0, 10.0, 10.0, 10.0, 10.0, 10.0, 10.0, 10.0, 10.0, 9.0, 10.0, 10.0, 10.0, 10.0, 9.0, 9.0, 9.0, 9.0, 9.0, 9.0, 8.0, 7.0, 7.0, 6.0, 7.0, 8.0, 8.0, 8.0, 9.0, 9.0, 9.0, 9.0, 9.0, 9.0, 9.0, 10.0, 10.0, 10.0, 10.0, 10.0, 9.0, 9.0, 9.0, 9.0, 9.0, 9.0, 9.0, 10.0, 10.0, 10.0, 10.0, 10.0, 10.0, 10.0, 10.0, 10.0, 10.0, 10.0, 10.0, 9.0, 9.0, 9.0, 9.0, 9.0, 9.0, 9.0, 10.0, 9.0, 9.0, 9.0, 8.0, 8.0, 8.0, 8.0, 9.0, 9.0, 9.0, 10.0, 10.0, 10.0, 10.0, 10.0, 10.0, 10.0]",0.05
rand,rand,prob,Small.100.10.2.1.gexf,100,F,10,4,10,F,F,F,F,F,F,F,F,F,F,0.05
rand,rand,prob,Small.100.10.5.1.gexf,100,1000,2,1,9,9.0,7.0,9.0,7.0,2137,123,106,0,0,"[9.0, 9.0, 8.0, 9.0, 9.0, 9.0, 9.0, 9.0, 9.0, 9.0, 9.0, 9.0, 9.0, 9.0, 9.0, 9.0, 9.0, 8.0, 9.0, 9.0, 9.0, 9.0, 9.0, 9.0, 9.0, 9.0, 9.0, 9.0, 9.0, 9.0, 8.0, 9.0, 9.0, 9.0, 9.0, 9.0, 9.0, 9.0, 9.0, 9.0, 8.0, 9.0, 9.0, 9.0, 9.0, 9.0, 8.0, 8.0, 9.0, 8.0, 9.0, 9.0, 9.0, 9.0, 9.0, 8.0, 8.0, 8.0, 9.0, 9.0, 9.0, 9.0, 9.0, 9.0, 9.0, 9.0, 9.0, 9.0, 9.0, 9.0, 9.0, 9.0, 9.0, 9.0, 9.0, 9.0, 9.0, 8.0, 8.0, 8.0, 8.0, 8.0, 9.0, 9.0, 8.0, 8.0, 9.0, 9.0, 8.0, 9.0, 8.0, 8.0, 9.0, 9.0, 9.0, 8.0, 9.0, 8.0, 7.0, 8.0, 8.0, 9.0, 9.0, 9.0, 9.0, 9.0, 9.0, 9.0, 9.0, 8.0, 8.0, 9.0, 9.0, 8.0, 9.0, 9.0, 9.0, 9.0, 9.0, 9.0, 9.0, 8.0, 8.0, 9.0, 9.0]",0.05
rand,rand,prob,Small.100.10.5.1.gexf,100,1000,3,2,9,9.0,7.0,9.0,7.0,2124,130,115,0,0,"[9.0, 9.0, 9.0, 9.0, 9.0, 9.0, 9.0, 9.0, 9.0, 8.0, 8.0, 8.0, 8.0, 8.0, 8.0, 8.0, 8.0, 8.0, 9.0, 8.0, 8.0, 8.0, 8.0, 8.0, 9.0, 9.0, 9.0, 8.0, 8.0, 8.0, 7.0, 8.0, 9.0, 9.0, 9.0, 9.0, 9.0, 9.0, 9.0, 9.0, 9.0, 9.0, 9.0, 9.0, 9.0, 9.0, 9.0, 8.0, 8.0, 9.0, 9.0, 9.0, 9.0, 9.0, 9.0, 9.0, 8.0, 8.0, 9.0, 9.0, 9.0, 9.0, 9.0, 9.0, 9.0, 9.0, 9.0, 8.0, 8.0, 9.0, 9.0, 8.0, 9.0, 9.0, 9.0, 9.0, 9.0, 9.0, 9.0, 9.0, 9.0, 9.0, 9.0, 9.0, 8.0, 9.0, 9.0, 9.0, 9.0, 9.0, 9.0, 9.0, 9.0, 8.0, 9.0, 9.0, 9.0, 9.0, 9.0, 9.0, 9.0, 9.0, 9.0, 8.0, 8.0, 9.0, 9.0, 9.0, 8.0, 8.0, 8.0, 8.0, 9.0, 9.0, 9.0, 9.0, 8.0, 8.0, 9.0, 9.0, 9.0, 9.0, 9.0, 9.0, 8.0, 9.0, 9.0, 9.0, 9.0, 9.0, 8.0, 8.0]",0.05
rand,rand,prob,Small.100.10.5.1.gexf,100,1000,5,3,9,9.0,5.0,8.0,5.0,2107,112,97,0,0,"[9.0, 8.0, 8.0, 7.0, 7.0, 7.0, 8.0, 8.0, 7.0, 8.0, 8.0, 8.0, 8.0, 8.0, 8.0, 7.0, 7.0, 6.0, 6.0, 6.0, 6.0, 6.0, 6.0, 6.0, 6.0, 7.0, 7.0, 6.0, 7.0, 8.0, 8.0, 8.0, 8.0, 8.0, 8.0, 8.0, 7.0, 8.0, 8.0, 8.0, 8.0, 8.0, 8.0, 8.0, 8.0, 8.0, 7.0, 7.0, 7.0, 7.0, 8.0, 8.0, 8.0, 8.0, 8.0, 8.0, 8.0, 8.0, 8.0, 8.0, 8.0, 8.0, 8.0, 7.0, 8.0, 7.0, 6.0, 7.0, 6.0, 5.0, 5.0, 5.0, 6.0, 7.0, 7.0, 7.0, 7.0, 7.0, 7.0, 8.0, 8.0, 8.0, 8.0, 8.0, 8.0, 8.0, 8.0, 8.0, 8.0, 8.0, 8.0, 8.0, 8.0, 8.0, 8.0, 8.0, 7.0, 6.0, 7.0, 7.0, 7.0, 7.0, 7.0, 7.0, 7.0, 7.0, 7.0, 8.0, 8.0, 7.0, 7.0, 7.0, 7.0, 7.0]",0.05
rand,rand,prob,Small.100.10.5.1.gexf,100,F,10,4,9,F,F,F,F,F,F,F,F,F,F,0.05
rand,rand,prob,R-MAT.100.5.1.gexf,100,419,2,1,11,15.0,11.0,15.0,11.0,3708,257,167,0,0,"[15.0, 15.0, 15.0, 15.0, 15.0, 14.0, 14.0, 14.0, 12.0, 13.0, 12.0, 14.0, 15.0, 14.0, 15.0, 15.0, 15.0, 13.0, 12.0, 11.0, 13.0, 15.0, 15.0, 14.0, 13.0, 13.0, 15.0, 14.0, 14.0, 13.0, 12.0, 14.0, 14.0, 15.0, 15.0, 15.0, 15.0, 15.0, 15.0, 14.0, 14.0, 15.0, 14.0, 15.0, 13.0, 12.0, 14.0, 14.0, 15.0, 15.0, 13.0, 13.0, 15.0, 14.0, 14.0, 14.0, 12.0, 13.0, 15.0, 15.0, 15.0, 15.0, 15.0, 15.0, 15.0, 15.0, 14.0, 15.0, 14.0, 15.0, 14.0, 13.0, 14.0, 15.0, 15.0, 15.0, 15.0, 13.0, 15.0, 15.0, 15.0, 15.0, 15.0, 13.0, 13.0, 12.0, 13.0, 13.0, 13.0, 13.0, 13.0, 12.0, 14.0, 13.0, 12.0, 13.0, 15.0, 14.0, 14.0, 14.0, 14.0, 13.0, 14.0, 13.0, 14.0, 13.0, 14.0, 15.0, 15.0, 14.0, 13.0, 14.0, 12.0, 13.0, 12.0, 13.0, 12.0, 13.0, 15.0, 15.0, 14.0, 13.0, 12.0, 14.0, 13.0, 14.0, 14.0, 14.0, 15.0, 13.0, 12.0, 14.0, 14.0, 15.0, 13.0, 13.0, 15.0, 15.0, 15.0, 13.0, 13.0, 13.0, 15.0, 15.0, 14.0, 13.0, 13.0, 15.0, 15.0, 13.0, 11.0, 13.0, 13.0, 13.0, 13.0, 15.0, 13.0, 12.0, 13.0, 12.0, 14.0, 15.0, 15.0, 14.0, 13.0, 12.0, 13.0, 15.0, 15.0, 15.0, 15.0, 14.0, 13.0, 14.0, 15.0, 14.0, 12.0, 13.0, 13.0, 15.0, 15.0, 15.0, 14.0, 12.0, 14.0, 13.0, 14.0, 15.0, 14.0, 12.0, 13.0, 13.0, 15.0, 14.0, 14.0, 14.0, 14.0, 15.0, 15.0, 14.0, 13.0, 12.0, 13.0, 13.0, 13.0, 12.0, 14.0, 15.0, 14.0, 15.0, 14.0, 15.0, 14.0, 14.0, 14.0, 15.0, 14.0, 14.0, 13.0, 15.0, 14.0, 15.0, 14.0, 13.0, 14.0, 14.0, 13.0, 14.0, 15.0, 15.0, 15.0, 15.0, 13.0, 13.0, 15.0, 15.0, 14.0, 15.0, 14.0, 13.0, 15.0, 14.0, 15.0, 15.0, 14.0, 13.0, 12.0, 13.0, 14.0, 12.0, 13.0, 13.0, 13.0, 15.0, 15.0, 13.0, 15.0, 15.0, 14.0]",0.05
rand,rand,prob,R-MAT.100.5.1.gexf,100,419,3,2,11,15.0,8.0,14.0,8.0,3834,282,201,0,0,"[15.0, 14.0, 14.0, 13.0, 14.0, 12.0, 10.0, 8.0, 10.0, 12.0, 14.0, 14.0, 14.0, 13.0, 13.0, 11.0, 10.0, 12.0, 11.0, 11.0, 12.0, 12.0, 12.0, 11.0, 13.0, 13.0, 11.0, 13.0, 12.0, 11.0, 13.0, 13.0, 11.0, 12.0, 12.0, 14.0, 14.0, 14.0, 14.0, 13.0, 12.0, 13.0, 13.0, 12.0, 12.0, 13.0, 13.0, 13.0, 12.0, 12.0, 12.0, 13.0, 12.0, 13.0, 12.0, 12.0, 12.0, 11.0, 12.0, 13.0, 12.0, 10.0, 11.0, 11.0, 10.0, 12.0, 14.0, 13.0, 13.0, 13.0, 13.0, 13.0, 14.0, 14.0, 14.0, 14.0, 13.0, 13.0, 14.0, 14.0, 14.0, 14.0, 14.0, 14.0, 14.0, 14.0, 14.0, 14.0, 14.0, 14.0, 14.0, 14.0, 13.0, 13.0, 12.0, 12.0, 12.0, 14.0, 13.0, 12.0, 13.0, 12.0, 12.0, 12.0, 13.0, 13.0, 13.0, 13.0, 14.0, 14.0, 14.0, 14.0, 14.0, 14.0, 14.0, 13.0, 12.0, 12.0, 12.0, 11.0, 13.0, 12.0, 11.0, 13.0, 13.0, 12.0, 12.0, 10.0, 11.0, 10.0, 12.0, 12.0, 12.0, 12.0, 14.0, 14.0, 14.0, 14.0, 13.0, 11.0, 11.0, 13.0, 14.0, 14.0, 14.0, 14.0, 14.0, 14.0, 13.0, 13.0, 12.0, 12.0, 10.0, 11.0, 13.0, 12.0, 11.0, 11.0, 10.0, 12.0, 12.0, 12.0, 12.0, 12.0, 12.0, 14.0, 13.0, 13.0, 13.0, 14.0, 14.0, 12.0, 11.0, 12.0, 11.0, 12.0, 14.0, 14.0, 14.0, 14.0, 14.0, 14.0, 14.0, 14.0, 14.0, 13.0, 11.0, 12.0, 11.0, 11.0, 12.0, 12.0, 12.0, 11.0, 12.0, 12.0, 10.0, 9.0, 10.0, 12.0, 10.0, 12.0, 12.0, 12.0, 11.0, 11.0, 9.0, 11.0, 13.0, 14.0, 13.0, 12.0, 12.0, 11.0, 13.0, 14.0, 13.0, 13.0, 13.0, 12.0, 13.0, 13.0, 13.0, 13.0, 13.0, 13.0, 13.0, 13.0, 13.0, 11.0, 13.0, 13.0, 14.0, 14.0, 13.0, 13.0, 14.0, 13.0, 13.0, 13.0, 12.0, 11.0, 12.0, 11.0, 12.0, 13.0, 14.0, 14.0, 14.0, 13.0, 14.0, 12.0, 14.0, 14.0, 14.0, 13.0, 12.0, 13.0, 12.0, 12.0, 12.0, 11.0, 12.0, 12.0, 11.0, 12.0, 11.0, 11.0, 13.0, 13.0, 13.0, 13.0, 12.0, 12.0, 12.0, 12.0, 11.0, 12.0, 12.0, 14.0, 14.0, 14.0, 14.0, 13.0]",0.05
rand,rand,prob,R-MAT.100.5.1.gexf,100,419,5,3,11,15.0,7.0,12.0,7.0,3837,234,168,0,0,"[15.0, 12.0, 11.0, 10.0, 10.0, 10.0, 8.0, 9.0, 7.0, 9.0, 8.0, 8.0, 10.0, 10.0, 10.0, 10.0, 10.0, 8.0, 8.0, 10.0, 10.0, 10.0, 12.0, 12.0, 12.0, 12.0, 10.0, 12.0, 10.0, 9.0, 9.0, 9.0, 9.0, 11.0, 11.0, 12.0, 13.0, 13.0, 13.0, 13.0, 13.0, 12.0, 12.0, 12.0, 11.0, 11.0, 11.0, 10.0, 8.0, 8.0, 7.0, 8.0, 10.0, 10.0, 8.0, 8.0, 9.0, 9.0, 9.0, 9.0, 11.0, 13.0, 12.0, 12.0, 11.0, 11.0, 10.0, 8.0, 10.0, 11.0, 11.0, 12.0, 12.0, 12.0, 11.0, 12.0, 12.0, 11.0, 12.0, 12.0, 11.0, 10.0, 11.0, 11.0, 9.0, 9.0, 8.0, 8.0, 9.0, 10.0, 10.0, 10.0, 9.0, 9.0, 10.0, 10.0, 10.0, 8.0, 7.0, 7.0, 7.0, 9.0, 9.0, 10.0, 10.0, 10.0, 11.0, 11.0, 11.0, 11.0, 13.0, 12.0, 12.0, 11.0, 11.0, 11.0, 11.0, 12.0, 12.0, 11.0, 11.0, 11.0, 12.0, 12.0, 11.0, 11.0, 11.0, 10.0, 8.0, 10.0, 10.0, 10.0, 10.0, 9.0, 7.0, 8.0, 7.0, 7.0, 7.0, 9.0, 11.0, 10.0, 10.0, 11.0, 11.0, 10.0, 10.0, 12.0, 11.0, 10.0, 10.0, 8.0, 9.0, 9.0, 8.0, 9.0, 9.0, 11.0, 12.0, 12.0, 12.0, 12.0, 11.0, 11.0, 11.0, 11.0, 12.0, 10.0, 10.0, 11.0, 13.0, 13.0, 13.0, 11.0, 10.0, 9.0, 10.0, 10.0, 11.0, 13.0, 12.0, 11.0, 11.0, 12.0, 13.0, 13.0, 12.0, 11.0, 11.0, 12.0, 11.0, 11.0, 12.0, 12.0, 12.0, 12.0, 13.0, 12.0, 12.0, 12.0, 12.0, 10.0, 9.0, 10.0, 9.0, 10.0, 10.0, 9.0, 9.0, 9.0, 11.0, 10.0, 10.0, 10.0, 11.0, 11.0, 9.0, 11.0, 11.0, 11.0, 9.0, 8.0, 8.0, 8.0, 10.0, 10.0, 10.0, 8.0, 8.0, 10.0, 12.0, 10.0, 12.0, 12.0, 11.0, 10.0]",0.05
rand,rand,prob,R-MAT.100.5.1.gexf,100,419,10,4,11,15.0,5.0,10.0,5.0,3964,250,198,0,0,"[15.0, 10.0, 10.0, 10.0, 10.0, 10.0, 10.0, 10.0, 10.0, 10.0, 10.0, 9.0, 9.0, 9.0, 9.0, 10.0, 10.0, 9.0, 9.0, 9.0, 9.0, 10.0, 9.0, 10.0, 10.0, 9.0, 9.0, 9.0, 9.0, 8.0, 8.0, 9.0, 9.0, 9.0, 9.0, 8.0, 9.0, 9.0, 9.0, 9.0, 10.0, 10.0, 10.0, 10.0, 10.0, 10.0, 9.0, 9.0, 7.0, 7.0, 6.0, 6.0, 6.0, 7.0, 7.0, 7.0, 7.0, 7.0, 7.0, 5.0, 5.0, 5.0, 7.0, 7.0, 9.0, 10.0, 10.0, 9.0, 8.0, 8.0, 9.0, 9.0, 9.0, 8.0, 8.0, 8.0, 8.0, 8.0, 8.0, 6.0, 6.0, 6.0, 8.0, 8.0, 7.0, 7.0, 8.0, 8.0, 8.0, 9.0, 10.0, 10.0, 10.0, 10.0, 10.0, 10.0, 8.0, 7.0, 6.0, 6.0, 6.0, 6.0, 6.0, 5.0, 7.0, 7.0, 7.0, 6.0, 8.0, 8.0, 8.0, 8.0, 8.0, 9.0, 9.0, 9.0, 10.0, 10.0, 9.0, 8.0, 7.0, 8.0, 10.0, 9.0, 9.0, 9.0, 9.0, 9.0, 7.0, 7.0, 7.0, 7.0, 6.0, 7.0, 7.0, 7.0, 8.0, 7.0, 7.0, 8.0, 8.0, 8.0, 10.0, 10.0, 10.0, 9.0, 9.0, 9.0, 9.0, 9.0, 9.0, 8.0, 8.0, 8.0, 7.0, 5.0, 6.0, 8.0, 8.0, 9.0, 9.0, 8.0, 9.0, 7.0, 6.0, 5.0, 6.0, 7.0, 7.0, 7.0, 7.0, 7.0, 8.0, 8.0, 8.0, 7.0, 7.0, 7.0, 6.0, 6.0, 6.0, 7.0, 5.0, 7.0, 7.0, 6.0, 5.0, 5.0, 6.0, 6.0, 5.0, 7.0, 7.0, 7.0, 7.0, 7.0, 8.0, 8.0, 8.0, 6.0, 6.0, 6.0, 6.0, 6.0, 8.0, 8.0, 8.0, 6.0, 7.0, 9.0, 7.0, 7.0, 7.0, 7.0, 9.0, 7.0, 6.0, 6.0, 8.0, 8.0, 8.0, 9.0, 9.0, 9.0, 9.0, 9.0, 9.0, 8.0, 8.0, 8.0, 7.0, 7.0, 7.0, 6.0, 7.0, 7.0, 8.0, 9.0, 10.0, 10.0, 10.0, 9.0, 8.0, 7.0, 7.0, 8.0, 8.0, 8.0, 8.0, 8.0, 8.0, 8.0]",0.05
rand,rand,prob,R-MAT.100.25.1.gexf,100,1423,2,1,35,103.0,90.0,103.0,90.0,1292,87,60,0,0,"[103.0, 103.0, 103.0, 103.0, 96.0, 96.0, 90.0, 103.0, 101.0, 101.0, 101.0, 101.0, 103.0, 103.0, 103.0, 103.0, 102.0, 102.0, 103.0, 103.0, 103.0, 102.0, 103.0, 102.0, 96.0, 96.0, 96.0, 103.0, 103.0, 103.0, 102.0, 103.0, 103.0, 103.0, 103.0, 103.0, 101.0, 100.0, 99.0, 101.0, 100.0, 102.0, 102.0, 103.0, 102.0, 102.0, 99.0, 99.0, 98.0, 102.0, 100.0, 102.0, 101.0, 103.0, 103.0, 102.0, 98.0, 99.0, 99.0, 99.0, 103.0, 102.0, 103.0, 103.0, 103.0, 103.0, 103.0, 101.0, 100.0, 102.0, 102.0, 103.0, 103.0, 103.0, 103.0, 103.0, 103.0, 103.0, 103.0, 103.0, 102.0, 99.0, 100.0, 103.0, 99.0, 99.0, 97.0, 99.0, 95.0]",0.05
rand,rand,prob,R-MAT.100.25.1.gexf,100,1423,3,2,35,103.0,78.0,95.0,78.0,1322,90,59,0,0,"[103.0, 95.0, 91.0, 87.0, 78.0, 91.0, 95.0, 95.0, 95.0, 94.0, 94.0, 94.0, 93.0, 93.0, 92.0, 93.0, 94.0, 94.0, 93.0, 94.0, 93.0, 88.0, 87.0, 87.0, 87.0, 94.0, 94.0, 93.0, 94.0, 88.0, 88.0, 95.0, 93.0, 88.0, 95.0, 95.0, 95.0, 88.0, 95.0, 93.0, 93.0, 93.0, 95.0, 94.0, 93.0, 80.0, 93.0, 81.0, 82.0, 81.0, 80.0, 93.0, 94.0, 93.0, 94.0, 95.0, 95.0, 95.0, 92.0, 92.0, 91.0, 92.0, 95.0, 94.0, 94.0, 94.0, 93.0, 93.0, 94.0, 94.0, 94.0, 95.0, 95.0, 95.0, 95.0, 95.0, 95.0, 95.0, 94.0, 93.0, 88.0, 86.0, 93.0, 95.0, 95.0, 95.0, 95.0, 95.0, 95.0, 95.0, 95.0, 95.0]",0.05
rand,rand,prob,R-MAT.100.25.1.gexf,100,1423,5,3,35,103.0,82.0,95.0,82.0,1307,92,71,0,0,"[103.0, 95.0, 94.0, 94.0, 95.0, 95.0, 95.0, 95.0, 93.0, 92.0, 92.0, 93.0, 86.0, 86.0, 86.0, 84.0, 84.0, 91.0, 91.0, 91.0, 95.0, 95.0, 95.0, 95.0, 95.0, 95.0, 95.0, 95.0, 95.0, 95.0, 95.0, 95.0, 88.0, 87.0, 88.0, 88.0, 88.0, 88.0, 88.0, 82.0, 82.0, 88.0, 88.0, 87.0, 86.0, 86.0, 87.0, 87.0, 87.0, 87.0, 94.0, 94.0, 94.0, 94.0, 95.0, 95.0, 89.0, 89.0, 95.0, 95.0, 95.0, 95.0, 94.0, 87.0, 87.0, 87.0, 88.0, 88.0, 88.0, 88.0, 88.0, 86.0, 82.0, 82.0, 86.0, 86.0, 86.0, 84.0, 84.0, 84.0, 86.0, 86.0, 86.0, 86.0, 85.0, 84.0, 83.0, 83.0, 90.0, 91.0, 89.0, 91.0, 84.0, 85.0]",0.05
rand,rand,prob,R-MAT.100.25.1.gexf,100,1423,10,4,35,103.0,65.0,85.0,65.0,1336,102,75,0,0,"[103.0, 85.0, 84.0, 84.0, 85.0, 85.0, 85.0, 84.0, 84.0, 84.0, 84.0, 83.0, 77.0, 83.0, 79.0, 83.0, 83.0, 83.0, 83.0, 82.0, 82.0, 82.0, 82.0, 69.0, 69.0, 68.0, 67.0, 69.0, 69.0, 67.0, 67.0, 80.0, 82.0, 83.0, 83.0, 82.0, 83.0, 83.0, 83.0, 84.0, 84.0, 84.0, 83.0, 83.0, 82.0, 82.0, 83.0, 83.0, 79.0, 79.0, 75.0, 76.0, 76.0, 80.0, 80.0, 80.0, 80.0, 79.0, 79.0, 79.0, 79.0, 79.0, 79.0, 78.0, 79.0, 79.0, 83.0, 83.0, 83.0, 82.0, 82.0, 82.0, 81.0, 80.0, 81.0, 81.0, 81.0, 81.0, 82.0, 82.0, 83.0, 82.0, 82.0, 82.0, 82.0, 81.0, 81.0, 81.0, 79.0, 80.0, 80.0, 80.0, 80.0, 69.0, 68.0, 70.0, 71.0, 71.0, 71.0, 69.0, 69.0, 65.0, 65.0, 65.0]",0.05
rand,rand,prob,Complete.100.1.1.gexf,100,9900,2,1,99,53.038258215691236,52.80308482625236,53.038258215691215,52.80308482625236,202,31,16,0,0,"[53.038258215691236, 53.038258215691215, 53.03825821569126, 53.03825821569124, 53.03825821569124, 53.038258215691236, 53.03825821569124, 53.03825821569122, 53.03825821569124, 53.03825821569124, 53.03825821569123, 53.03825821569125, 53.03825821569124, 53.038258215691236, 53.03825821569123, 53.03825821569125, 53.03825821569124, 53.03825821569124, 53.03825821569125, 53.03825821569122, 53.03825821569124, 53.03825821569124, 53.03825821569123, 53.03825821569125, 53.03825821569124, 52.80308482625238, 52.80308482625236, 53.03825821569125, 53.03825821569124, 53.03825821569124, 53.03825821569125, 53.03825821569123, 53.03825821569124]",0.05
rand,rand,prob,Complete.100.1.1.gexf,100,9900,3,2,99,53.038258215691236,53.0382582156912,53.0382582156912,53.03825821569122,196,18,10,0,0,"[53.038258215691236, 53.0382582156912, 53.03825821569124, 53.03825821569124, 53.038258215691236, 53.03825821569124, 53.03825821569122, 53.03825821569124, 53.03825821569122, 53.03825821569123, 53.03825821569124, 53.03825821569124, 53.038258215691236, 53.03825821569123, 53.03825821569125, 53.03825821569124, 53.038258215691236, 53.038258215691236, 53.03825821569125, 53.038258215691236]",0.05
rand,rand,prob,Complete.100.1.1.gexf,100,9900,5,3,99,53.038258215691236,52.62700066099061,53.03825821569122,52.62700066099061,200,16,9,0,0,"[53.038258215691236, 53.03825821569122, 52.62700066099061, 53.038258215691236, 53.03825821569124, 53.03825821569122, 53.03825821569124, 53.03825821569124, 53.03825821569123, 53.038258215691215, 53.03825821569123, 53.03825821569122, 53.03825821569123, 53.038258215691236, 53.03825821569124, 53.03825821569123, 53.038258215691236, 53.03825821569123]",0.05
rand,rand,prob,Complete.100.1.1.gexf,100,9900,10,4,99,53.038258215691236,52.007346582647806,53.03825821569123,52.007346582647806,197,25,11,0,0,"[53.038258215691236, 53.03825821569123, 53.038258215691236, 52.70637720913373, 52.64592342702475, 52.64592342702474, 52.64592342702475, 52.64592342702474, 52.64592342702474, 52.64592342702475, 52.64592342702474, 52.64592342702475, 52.64592342702474, 52.645923427024734, 52.00734658264782, 52.00734658264781, 52.007346582647806, 52.00734658264783, 52.00734658264782, 52.007346582647834, 52.00734658264783, 52.645923427024755, 52.64592342702475, 52.645923427024755, 52.645923427024755, 52.64592342702476, 52.64592342702473]",0.05
rand,rand,prob,Complete.100.20.1.gexf,100,9900,2,1,99,931,928,931,928,208,11,10,0,0,"[931, 931, 931, 931, 931, 928, 928, 931, 931, 931, 931, 931, 931]",0.05
rand,rand,prob,Complete.100.20.1.gexf,100,9900,3,2,99,931,908,931,908,210,13,11,0,0,"[931, 931, 931, 931, 931, 916, 908, 923, 931, 931, 931, 931, 931, 931, 931]",0.05
rand,rand,prob,Complete.100.20.1.gexf,100,9900,5,3,99,931,931,931,931,205,11,11,0,0,"[931, 931, 931, 931, 931, 931, 931, 931, 931, 931, 931, 931, 931]",0.05
rand,rand,prob,Complete.100.20.1.gexf,100,9900,10,4,99,931,916,931,916,208,13,12,0,0,"[931, 931, 931, 931, 931, 931, 931, 931, 931, 916, 916, 916, 916, 927, 927]",0.05
rand,rand,prob,Rand.Uni.100.5.1.gexf,100,500,2,1,6,4.7465977072765915,2.824666795491421,4.746597707276592,2.824666795491421,2688,204,136,0,0,"[4.7465977072765915, 4.746597707276592, 4.7465977072765915, 4.746597707276591, 4.7465977072765915, 4.7465977072765915, 4.746597707276591, 4.7465977072765915, 4.746597707276591, 4.7465977072765915, 4.7465977072765915, 3.772476540781272, 3.772476540781271, 3.772476540781272, 3.772476540781271, 4.7465977072765915, 4.7465977072765915, 4.7465977072765915, 4.7465977072765915, 4.7465977072765915, 4.7465977072765915, 4.7465977072765915, 4.7465977072765915, 3.951663154384661, 4.7465977072765915, 4.7465977072765915, 4.746597707276591, 4.7465977072765915, 4.7465977072765915, 4.7465977072765915, 4.7465977072765915, 4.7465977072765915, 4.7465977072765915, 4.7465977072765915, 4.7465977072765915, 3.7987879619867413, 3.1085439582547574, 2.824666795491421, 3.772476540781271, 3.055482644204306, 4.029603810699626, 4.7465977072765915, 4.746597707276591, 4.124103364986052, 4.7465977072765915, 4.7465977072765915, 4.7465977072765915, 4.7465977072765915, 4.7465977072765915, 4.7465977072765915, 4.7465977072765915, 4.746597707276591, 3.772476540781271, 4.7465977072765915, 4.7465977072765915, 4.124103364986052, 4.124103364986052, 4.124103364986052, 4.124103364986052, 4.7465977072765915, 4.7465977072765915, 4.7465977072765915, 4.7465977072765915, 4.7465977072765915, 4.7465977072765915, 4.7465977072765915, 4.746597707276591, 4.7465977072765915, 3.772476540781271, 3.772476540781272, 3.772476540781271, 4.7465977072765915, 4.7465977072765915, 4.7465977072765915, 4.7465977072765915, 4.7465977072765915, 4.7465977072765915, 4.029603810699626, 4.7465977072765915, 4.746597707276591, 4.7465977072765915, 4.7465977072765915, 4.7465977072765915, 4.7465977072765915, 3.7987879619867413, 4.7465977072765915, 4.746597707276591, 4.7465977072765915, 4.7465977072765915, 4.746597707276591, 4.7465977072765915, 4.746597707276591, 4.124103364986052, 4.7465977072765915, 4.7465977072765915, 4.7465977072765915, 3.7987879619867413, 3.798787961986741, 3.772476540781271, 4.7465977072765915, 4.7465977072765915, 4.746597707276591, 4.7465977072765915, 4.124103364986052, 4.746597707276592, 4.7465977072765915, 4.056353703544608, 4.7465977072765915, 4.746597707276591, 3.951663154384661, 4.746597707276591, 4.7465977072765915, 4.746597707276591, 4.7465977072765915, 4.746597707276591, 4.7465977072765915, 4.7465977072765915, 3.772476540781272, 3.772476540781272, 3.772476540781272, 4.7465977072765915, 4.7465977072765915, 4.7465977072765915, 4.7465977072765915, 4.746597707276591, 4.029603810699626, 4.029603810699626, 4.029603810699626, 4.7465977072765915, 4.7465977072765915, 4.7465977072765915, 4.7465977072765915, 4.029603810699626, 4.7465977072765915, 4.056353703544608, 4.7465977072765915, 4.746597707276591, 4.029603810699626, 4.029603810699626, 3.2346692578076954, 4.029603810699626, 4.029603810699626, 4.7465977072765915, 4.7465977072765915, 4.7465977072765915, 3.951663154384661, 3.951663154384661, 3.951663154384661, 4.7465977072765915, 4.746597707276591, 4.7465977072765915, 4.746597707276591, 4.7465977072765915, 4.746597707276591, 4.7465977072765915, 4.746597707276591, 4.124103364986052, 4.124103364986052, 3.433859361254068, 4.056353703544608, 4.056353703544607, 4.7465977072765915, 4.7465977072765915, 4.056353703544608, 4.7465977072765915, 4.7465977072765915, 4.7465977072765915, 4.7465977072765915, 4.124103364986052, 4.7465977072765915, 4.7465977072765915, 4.746597707276591, 4.7465977072765915, 4.746597707276591, 4.7465977072765915, 4.7465977072765915, 3.951663154384661, 3.951663154384661, 3.772476540781272, 4.7465977072765915, 4.7465977072765915, 4.7465977072765915, 4.7465977072765915, 4.7465977072765915, 4.746597707276592, 4.7465977072765915, 3.7987879619867413, 3.7987879619867413, 3.798787961986741, 3.7987879619867413, 3.7987879619867413, 4.746597707276591, 4.7465977072765915, 4.7465977072765915, 4.746597707276592, 4.7465977072765915, 4.7465977072765915, 4.7465977072765915, 4.7465977072765915, 4.7465977072765915, 3.951663154384661, 4.7465977072765915, 4.124103364986052, 4.7465977072765915, 4.7465977072765915, 4.746597707276591]",0.05
rand,rand,prob,Rand.Uni.100.5.1.gexf,100,500,3,2,6,4.7465977072765915,2.391550061677792,4.746597707276592,2.391550061677792,2586,205,117,0,0,"[4.7465977072765915, 4.746597707276592, 4.746597707276591, 4.7465977072765915, 3.7987879619867413, 3.772476540781271, 3.7724765407812715, 3.772476540781271, 4.746597707276591, 4.7465977072765915, 4.746597707276591, 3.951663154384661, 3.9516631543846605, 3.951663154384661, 3.9516631543846605, 3.951663154384661, 3.9516631543846605, 4.7465977072765915, 4.746597707276591, 4.7465977072765915, 4.746597707276591, 4.7465977072765915, 4.746597707276591, 4.7465977072765915, 4.746597707276591, 4.7465977072765915, 4.746597707276591, 4.746597707276591, 4.7465977072765915, 4.029603810699626, 4.029603810699626, 4.029603810699626, 4.029603810699626, 4.029603810699626, 3.055482644204306, 3.055482644204306, 3.055482644204306, 3.772476540781271, 2.824666795491421, 2.824666795491421, 3.7987879619867413, 3.7987879619867413, 3.798787961986741, 3.0817940654097757, 3.0817940654097757, 3.7987879619867413, 3.798787961986741, 3.7987879619867413, 4.7465977072765915, 4.746597707276591, 4.746597707276591, 4.7465977072765915, 3.772476540781272, 3.772476540781271, 4.746597707276591, 4.056353703544608, 4.7465977072765915, 3.7987879619867413, 3.7987879619867413, 3.7987879619867413, 3.7987879619867413, 3.798787961986741, 4.746597707276591, 4.7465977072765915, 4.746597707276591, 4.7465977072765915, 4.746597707276591, 4.7465977072765915, 4.746597707276591, 4.029603810699626, 4.029603810699626, 4.029603810699626, 4.029603810699626, 4.029603810699626, 4.029603810699626, 3.3393598069676425, 4.056353703544608, 4.7465977072765915, 4.746597707276591, 4.7465977072765915, 4.746597707276591, 4.746597707276591, 4.7465977072765915, 4.7465977072765915, 3.7987879619867413, 2.824666795491421, 3.7987879619867413, 3.7987879619867413, 3.7987879619867413, 3.798787961986741, 3.7987879619867413, 3.1085439582547574, 3.1085439582547574, 3.7987879619867413, 2.824666795491421, 2.824666795491421, 3.772476540781272, 4.7465977072765915, 4.746597707276591, 4.7465977072765915, 4.7465977072765915, 4.746597707276591, 4.7465977072765915, 4.746597707276591, 4.7465977072765915, 4.746597707276591, 4.056353703544608, 4.056353703544608, 4.056353703544608, 4.7465977072765915, 4.746597707276591, 4.7465977072765915, 4.746597707276591, 4.124103364986052, 4.746597707276591, 4.124103364986052, 3.4071094684090864, 3.4071094684090864, 3.4071094684090864, 3.4071094684090864, 2.4592997231192353, 2.391550061677792, 3.0817940654097757, 4.029603810699626, 4.029603810699626, 3.7724765407812715, 3.772476540781271, 3.772476540781272, 3.772476540781271, 3.7724765407812715, 3.772476540781271, 3.7724765407812715, 3.772476540781271, 3.7724765407812715, 3.772476540781272, 3.7724765407812715, 3.772476540781272, 3.7724765407812715, 3.772476540781272, 3.7724765407812715, 3.772476540781271, 3.082232537049288, 3.772476540781272, 3.7724765407812715, 3.772476540781271, 4.7465977072765915, 4.746597707276591, 3.7987879619867413, 3.7987879619867413, 3.798787961986741, 3.798787961986741, 3.1085439582547574, 3.1085439582547574, 3.1085439582547574, 3.082232537049288, 3.7724765407812715, 4.746597707276591, 4.746597707276591, 4.124103364986052, 4.124103364986052, 4.746597707276591, 4.7465977072765915, 4.746597707276591, 4.7465977072765915, 4.746597707276591, 4.7465977072765915, 4.746597707276591, 4.7465977072765915, 4.746597707276591, 4.7465977072765915, 4.746597707276591, 3.951663154384661, 3.9516631543846605, 2.9775419878893405, 2.9775419878893405, 3.7724765407812715, 4.746597707276591, 4.7465977072765915, 4.7465977072765915, 4.7465977072765915, 4.746597707276591, 4.7465977072765915, 4.7465977072765915, 4.7465977072765915, 4.746597707276591, 4.7465977072765915, 4.746597707276591, 4.029603810699626, 4.029603810699626, 3.4071094684090864, 3.4071094684090864, 2.432988301913766, 3.4071094684090864, 4.124103364986052, 3.433859361254068, 4.056353703544607, 4.746597707276591, 4.7465977072765915, 4.746597707276591, 4.7465977072765915, 4.746597707276591, 4.7465977072765915, 4.746597707276591, 4.7465977072765915, 4.746597707276591, 4.7465977072765915, 4.746597707276591]",0.05
rand,rand,prob,Rand.Uni.100.5.1.gexf,100,500,5,3,6,4.7465977072765915,2.391550061677792,4.746597707276592,2.391550061677792,2603,223,130,0,0,"[4.7465977072765915, 4.746597707276592, 4.7465977072765915, 4.746597707276591, 3.798787961986741, 3.7987879619867413, 3.798787961986741, 3.798787961986741, 4.746597707276592, 4.7465977072765915, 4.7465977072765915, 4.746597707276591, 4.7465977072765915, 4.746597707276591, 3.772476540781272, 3.7724765407812715, 3.772476540781271, 3.772476540781272, 3.772476540781271, 3.7724765407812715, 3.772476540781271, 3.772476540781272, 3.772476540781271, 3.772476540781272, 3.772476540781271, 3.772476540781272, 3.772476540781271, 3.772476540781271, 3.772476540781271, 3.7724765407812715, 3.082232537049288, 3.082232537049288, 3.082232537049288, 3.082232537049288, 3.082232537049288, 4.056353703544608, 4.056353703544608, 4.056353703544607, 4.7465977072765915, 4.7465977072765915, 4.056353703544608, 4.056353703544608, 4.056353703544607, 3.082232537049288, 3.772476540781271, 3.7724765407812715, 3.772476540781271, 3.7724765407812715, 3.772476540781271, 4.746597707276591, 4.7465977072765915, 4.746597707276591, 3.7987879619867413, 4.746597707276591, 4.7465977072765915, 4.746597707276591, 4.7465977072765915, 4.746597707276591, 4.7465977072765915, 4.746597707276591, 4.7465977072765915, 4.746597707276591, 4.7465977072765915, 4.7465977072765915, 4.746597707276591, 4.746597707276591, 4.746597707276591, 4.746597707276591, 4.7465977072765915, 4.746597707276591, 4.056353703544608, 4.056353703544608, 4.056353703544608, 4.029603810699626, 4.029603810699626, 3.7724765407812715, 3.772476540781271, 4.746597707276591, 4.7465977072765915, 4.746597707276591, 4.7465977072765915, 4.746597707276591, 3.9516631543846614, 3.951663154384661, 3.951663154384661, 4.746597707276591, 4.746597707276592, 4.746597707276591, 4.7465977072765915, 4.746597707276591, 4.7465977072765915, 4.746597707276591, 4.7465977072765915, 4.746597707276591, 4.7465977072765915, 4.746597707276591, 4.7465977072765915, 4.746597707276591, 4.7465977072765915, 4.746597707276591, 4.7465977072765915, 4.746597707276591, 4.7465977072765915, 4.746597707276591, 4.7465977072765915, 4.746597707276591, 3.951663154384661, 3.9516631543846605, 4.746597707276592, 4.124103364986052, 4.7465977072765915, 4.746597707276591, 4.029603810699626, 4.029603810699626, 4.029603810699626, 4.029603810699626, 4.7465977072765915, 4.746597707276591, 4.7465977072765915, 4.746597707276591, 4.7465977072765915, 4.746597707276591, 4.7465977072765915, 4.746597707276591, 4.7465977072765915, 4.746597707276591, 4.7465977072765915, 4.746597707276591, 4.7465977072765915, 4.124103364986052, 4.124103364986052, 4.124103364986052, 4.7465977072765915, 4.7465977072765915, 4.7465977072765915, 4.746597707276591, 4.7465977072765915, 4.746597707276591, 4.029603810699626, 4.029603810699626, 4.029603810699626, 4.7465977072765915, 4.746597707276592, 4.7465977072765915, 4.746597707276592, 4.7465977072765915, 4.7465977072765915, 4.746597707276591, 4.7465977072765915, 4.746597707276591, 4.746597707276592, 4.746597707276591, 4.746597707276592, 4.7465977072765915, 4.7465977072765915, 4.746597707276591, 4.7465977072765915, 4.746597707276591, 4.7465977072765915, 4.746597707276591, 4.7465977072765915, 4.746597707276591, 4.029603810699626, 4.746597707276591, 4.746597707276591, 4.746597707276591, 4.7465977072765915, 4.746597707276591, 4.7465977072765915, 4.746597707276591, 3.772476540781272, 4.746597707276591, 4.7465977072765915, 4.746597707276591, 4.7465977072765915, 4.746597707276591, 4.7465977072765915, 4.746597707276591, 3.7987879619867413, 3.798787961986741, 4.029603810699626, 3.2346692578076954, 3.2346692578076954, 3.2346692578076954, 2.612174915517155, 3.4071094684090864, 4.124103364986052, 4.124103364986052, 3.4071094684090864, 3.4071094684090864, 3.4071094684090864, 3.4071094684090864, 3.4071094684090864, 3.4071094684090864, 4.124103364986052, 4.124103364986052, 4.124103364986052, 4.124103364986052, 4.124103364986052, 4.124103364986052, 4.124103364986052, 4.124103364986052, 4.124103364986052, 4.124103364986052, 4.124103364986052, 4.124103364986052, 4.7465977072765915, 4.7465977072765915, 4.7465977072765915, 4.746597707276591, 4.7465977072765915, 4.746597707276591, 4.7465977072765915, 4.746597707276591, 4.746597707276591, 4.7465977072765915, 4.746597707276591, 3.951663154384661, 4.746597707276591, 4.029603810699626, 4.029603810699626, 3.0817940654097757, 3.0817940654097757, 2.391550061677792, 2.391550061677792]",0.05
rand,rand,prob,Rand.Uni.100.5.1.gexf,100,F,10,4,6,F,F,F,F,F,F,F,F,F,F,0.05
rand,rand,prob,Rand.Uni.100.25.1.gexf,100,2500,2,1,36,18.382275183093853,16.826846559483123,18.382275183093856,16.826846559483123,780,68,33,0,0,"[18.382275183093853, 18.382275183093856, 18.382275183093853, 18.38227518309385, 18.38227518309385, 18.382275183093853, 18.382275183093846, 18.382275183093856, 18.382275183093853, 17.991059744611718, 18.382275183093856, 18.382275183093853, 18.38227518309385, 18.382275183093853, 18.382275183093856, 18.382275183093853, 18.38227518309385, 18.382275183093853, 18.33797361849779, 18.3379736184978, 18.382275183093853, 18.382275183093846, 18.382275183093853, 18.38227518309385, 18.382275183093846, 18.382275183093864, 18.382275183093856, 18.382275183093853, 18.38227518309385, 17.70132778878143, 17.70132778878143, 17.701327788781427, 16.826846559483123, 17.70132778878143, 17.70132778878143, 17.701327788781434, 18.382275183093853, 17.640307066586086, 17.640307066586082, 17.640307066586082, 17.64030706658608, 17.64030706658609, 17.640307066586082, 17.64030706658608, 18.38227518309385, 18.382275183093856, 18.382275183093853, 18.382275183093853, 18.38227518309385, 18.382275183093853, 18.382275183093853, 18.382275183093853, 18.382275183093853, 18.382275183093856, 18.382275183093853, 18.38227518309386, 18.38227518309385, 17.99105974461172, 17.99105974461172, 18.382275183093853, 18.38227518309385, 18.382275183093853, 18.38227518309385, 18.382275183093853, 18.38227518309385, 18.382275183093856, 17.70132778878143, 18.382275183093853, 18.38227518309385, 17.571655414824097]",0.05
rand,rand,prob,Rand.Uni.100.25.1.gexf,100,2500,3,2,36,18.382275183093853,16.558859151065704,17.57165541482409,16.558859151065704,747,89,40,0,0,"[18.382275183093853, 17.57165541482409, 17.5716554148241, 17.571655414824093, 17.571655414824097, 17.571655414824093, 17.466062969281037, 17.466062969281033, 17.466062969281033, 17.46606296928103, 17.359186872548882, 17.464779318091935, 17.5716554148241, 17.571655414824093, 17.5716554148241, 17.571655414824097, 17.571655414824093, 17.57165541482409, 17.262523418753567, 17.262523418753567, 17.262523418753563, 17.26252341875356, 16.581576024441144, 17.262523418753556, 16.558859151065707, 16.558859151065704, 16.867991147136237, 16.867991147136234, 17.5716554148241, 17.571655414824093, 17.5716554148241, 17.18043997634197, 17.180439976341965, 17.180439976341958, 17.18043997634197, 17.18043997634196, 17.180439976341965, 17.18043997634196, 17.18043997634197, 17.180439976341965, 17.5716554148241, 17.5716554148241, 17.571655414824093, 17.571655414824104, 17.5716554148241, 17.571655414824097, 17.571655414824097, 17.571655414824093, 17.5716554148241, 17.571655414824097, 17.571655414824093, 17.57165541482409, 17.5716554148241, 17.571655414824097, 17.5716554148241, 17.571655414824093, 17.571655414824097, 17.57165541482409, 17.5716554148241, 17.571655414824093, 17.5716554148241, 17.571655414824093, 17.571655414824097, 17.043589579887474, 17.043589579887474, 17.571655414824097, 17.464779318091935, 17.464779318091942, 17.46477931809194, 17.46477931809194, 17.464779318091935, 17.464779318091935, 17.073563879609807, 17.180439976341972, 17.180439976341965, 17.5716554148241, 17.571655414824097, 17.5716554148241, 17.571655414824097, 17.571655414824104, 17.44614466300666, 17.446144663006656, 17.571655414824097, 17.571655414824093, 17.5716554148241, 17.571655414824104, 17.571655414824097, 17.5716554148241, 17.5716554148241, 17.5716554148241, 17.571655414824097]",0.05
rand,rand,prob,Rand.Uni.100.25.1.gexf,100,2500,5,3,36,18.382275183093853,14.657209563004129,17.075507886252733,14.657209563004129,767,73,30,0,0,"[18.382275183093853, 17.075507886252733, 17.075507886252748, 17.07550788625274, 17.07550788625274, 17.075507886252744, 16.547442051316118, 16.547442051316125, 16.54744205131612, 17.04358957988747, 17.043589579887474, 16.651191963861397, 16.651191963861393, 16.65119196386139, 16.651191963861386, 15.776710734563084, 15.776710734563084, 15.776710734563082, 15.77671073456308, 15.776710734563082, 16.697174185525785, 16.016226791213363, 16.016226791213363, 16.016226791213366, 16.016226791213363, 16.016226791213363, 16.016226791213363, 16.697174185525792, 16.69717418552579, 16.697174185525785, 16.03355279175983, 16.90803402105814, 16.908034021058135, 16.908034021058143, 16.908034021058135, 16.19245948627031, 16.192459486270305, 16.192459486270312, 16.192459486270305, 16.1924594862703, 15.81391800509199, 15.813918005091983, 15.813918005091992, 15.813918005091988, 15.813918005091987, 15.48879521858244, 15.488795218582442, 15.48879521858244, 14.65720956300413, 14.657209563004129, 15.32083095677009, 15.320830956770088, 15.320830956770092, 15.320830956770086, 15.320830956770084, 15.32083095677009, 15.320830956770086, 15.320830956770084, 16.036405491557918, 16.740069759245785, 16.740069759245777, 16.740069759245785, 16.74006975924578, 17.571655414824104, 17.571655414824097, 17.571655414824093, 17.571655414824097, 17.57165541482409, 16.856080880036266, 16.856080880036256, 16.856080880036263, 16.856080880036263, 16.856080880036266, 16.856080880036263, 16.58111857093758]",0.05
rand,rand,prob,Rand.Uni.100.25.1.gexf,100,2500,10,4,36,18.382275183093853,13.208661023920524,16.58111857093758,13.208661023920524,790,63,25,0,0,"[18.382275183093853, 16.58111857093758, 16.581118570937576, 16.581118570937576, 16.58111857093758, 16.581118570937576, 16.581118570937576, 16.58111857093758, 16.581118570937576, 16.58111857093757, 15.660655119974871, 15.66065511997487, 15.660655119974868, 15.282113638796558, 15.282113638796554, 16.202577089759266, 16.20257708975926, 16.581118570937576, 16.58111857093758, 16.581118570937576, 16.581118570937576, 16.58111857093758, 16.581118570937576, 16.58111857093758, 16.581118570937576, 16.296004949095284, 16.296004949095288, 16.296004949095284, 16.296004949095284, 16.296004949095288, 16.115855361033137, 16.115855361033137, 16.11585536103313, 16.115855361033134, 16.115855361033137, 16.115855361033134, 16.11585536103313, 16.115855361033134, 16.115855361033134, 16.11585536103313, 15.685394448087589, 15.685394448087587, 14.81091321878928, 14.20758509220835, 14.207585092208346, 14.923159626996181, 15.797640856294489, 15.301493327723133, 15.194617230990977, 15.194617230990975, 15.194617230990975, 15.194617230990973, 15.301493327723135, 15.301493327723133, 15.301493327723136, 15.301493327723133, 15.073235798725753, 15.073235798725753, 14.392288404413328, 14.392288404413323, 14.392288404413327, 14.013746923235011, 13.20866102392053, 13.208661023920527, 13.208661023920524]",0.05
rand,rand,prob,Small.1000.10.2.1.gexf,1000,10000,2,1,9,9.0,9.0,9.0,9.0,171,14,14,0,0,"[9.0, 9.0, 9.0, 9.0, 9.0, 9.0, 9.0, 9.0, 9.0, 9.0, 9.0, 9.0, 9.0, 9.0, 9.0, 9.0]",0.05
rand,rand,prob,Small.1000.10.2.1.gexf,1000,10000,3,2,9,9.0,9.0,9.0,9.0,180,9,9,0,0,"[9.0, 9.0, 9.0, 9.0, 9.0, 9.0, 9.0, 9.0, 9.0, 9.0, 9.0]",0.05
rand,rand,prob,Small.1000.10.2.1.gexf,1000,10000,5,3,9,9.0,8.0,9.0,8.0,177,8,7,0,0,"[9.0, 9.0, 9.0, 9.0, 8.0, 8.0, 8.0, 8.0, 8.0, 8.0]",0.05
rand,rand,prob,Small.1000.10.2.1.gexf,1000,F,10,4,9,F,F,F,F,F,F,F,F,F,F,0.05
rand,rand,prob,Small.1000.10.5.1.gexf,1000,10000,2,1,8,8.0,8.0,8.0,8.0,178,17,17,0,0,"[8.0, 8.0, 8.0, 8.0, 8.0, 8.0, 8.0, 8.0, 8.0, 8.0, 8.0, 8.0, 8.0, 8.0, 8.0, 8.0, 8.0, 8.0, 8.0]",0.05
rand,rand,prob,Small.1000.10.5.1.gexf,1000,10000,3,2,8,8.0,8.0,8.0,8.0,178,8,8,0,0,"[8.0, 8.0, 8.0, 8.0, 8.0, 8.0, 8.0, 8.0, 8.0, 8.0]",0.05
rand,rand,prob,Small.1000.10.5.1.gexf,1000,10000,5,3,8,8.0,8.0,8.0,8.0,174,6,6,0,0,"[8.0, 8.0, 8.0, 8.0, 8.0, 8.0, 8.0, 8.0]",0.05
rand,rand,prob,Small.1000.10.5.1.gexf,1000,F,10,4,8,F,F,F,F,F,F,F,F,F,F,0.05
rand,rand,prob,R-MAT.1000.5.1.gexf,1000,4718,2,1,56,67.0,66.0,67.0,66.0,219,15,12,0,0,"[67.0, 67.0, 67.0, 66.0, 67.0, 67.0, 66.0, 67.0, 67.0, 67.0, 67.0, 66.0, 67.0, 67.0, 67.0, 67.0, 67.0]",0.05
rand,rand,prob,R-MAT.1000.5.1.gexf,1000,4718,3,2,56,67.0,66.0,67.0,66.0,211,16,14,0,0,"[67.0, 67.0, 67.0, 67.0, 67.0, 66.0, 66.0, 67.0, 67.0, 67.0, 67.0, 66.0, 67.0, 67.0, 67.0, 67.0, 67.0, 67.0]",0.05
rand,rand,prob,R-MAT.1000.5.1.gexf,1000,4718,5,3,56,67.0,64.0,67.0,64.0,215,12,8,0,0,"[67.0, 67.0, 66.0, 67.0, 67.0, 66.0, 66.0, 66.0, 64.0, 66.0, 65.0, 66.0, 66.0, 66.0]",0.05
rand,rand,prob,R-MAT.1000.5.1.gexf,1000,4718,10,4,56,67.0,65.0,66.0,65.0,216,16,14,0,0,"[67.0, 66.0, 66.0, 66.0, 66.0, 66.0, 66.0, 66.0, 66.0, 66.0, 66.0, 65.0, 65.0, 65.0, 66.0, 66.0, 65.0, 66.0]",0.05
rand,rand,prob,R-MAT.1000.25.1.gexf,1000,20721,2,1,184,346.0,344.0,346.0,344.0,52,5,4,0,0,"[346.0, 346.0, 346.0, 344.0, 344.0, 346.0, 346.0]",0.05
rand,rand,prob,R-MAT.1000.25.1.gexf,1000,20721,3,2,184,346.0,346.0,346.0,346.0,50,4,4,0,0,"[346.0, 346.0, 346.0, 346.0, 346.0, 346.0]",0.05
rand,rand,prob,R-MAT.1000.25.1.gexf,1000,20721,5,3,184,346.0,344.0,346.0,344.0,51,3,2,0,0,"[346.0, 346.0, 346.0, 346.0, 344.0]",0.05
rand,rand,prob,R-MAT.1000.25.1.gexf,1000,20721,10,4,184,346.0,344.0,344.0,344.0,51,1,1,0,0,"[346.0, 344.0, 344.0]",0.05
rand,rand,prob,Complete.1000.1.1.gexf,1000,999000,2,1,999,501.3524688889668,501.3524688889666,501.3524688889666,inf,2,0,0,0,0,"[501.3524688889668, 501.3524688889666]",0.05
rand,rand,prob,Complete.1000.1.1.gexf,1000,999000,3,2,999,501.3524688889668,501.3524688889658,501.3524688889658,inf,2,0,0,0,0,"[501.3524688889668, 501.3524688889658]",0.05
rand,rand,prob,Complete.1000.1.1.gexf,1000,999000,5,3,999,501.3524688889668,501.3524688889668,501.35246888896694,501.3524688889668,2,2,0,0,0,"[501.3524688889668, 501.35246888896694, 501.3524688889669, 501.3524688889668]",0.05
rand,rand,prob,Complete.1000.1.1.gexf,1000,999000,10,4,999,501.3524688889668,501.3524688889654,501.3524688889654,inf,2,0,0,0,0,"[501.3524688889668, 501.3524688889654]",0.05
rand,rand,prob,Complete.1000.20.1.gexf,1000,999000,2,1,999,9680,9680,9680,inf,2,0,0,0,0,"[9680, 9680]",0.05
rand,rand,prob,Complete.1000.20.1.gexf,1000,999000,3,2,999,9680,9680,9680,inf,2,0,0,0,0,"[9680, 9680]",0.05
rand,rand,prob,Complete.1000.20.1.gexf,1000,999000,5,3,999,9680,9680,9680,inf,2,0,0,0,0,"[9680, 9680]",0.05
rand,rand,prob,Complete.1000.20.1.gexf,1000,999000,10,4,999,9680,9680,9680,inf,2,0,0,0,0,"[9680, 9680]",0.05
rand,rand,prob,Rand.Uni.1000.5.1.gexf,1000,5000,2,1,6,2.854203596187854,2.8542035961878534,2.8542035961878534,2.854203596187854,279,14,14,0,0,"[2.854203596187854, 2.8542035961878534, 2.854203596187854, 2.854203596187854, 2.854203596187854, 2.854203596187854, 2.854203596187854, 2.854203596187854, 2.854203596187854, 2.854203596187854, 2.854203596187854, 2.854203596187854, 2.854203596187854, 2.854203596187854, 2.854203596187854, 2.854203596187854]",0.05
rand,rand,prob,Rand.Uni.1000.5.1.gexf,1000,5000,3,2,6,2.854203596187854,2.7097217475858146,2.854203596187853,2.7097217475858146,268,11,10,0,0,"[2.854203596187854, 2.854203596187853, 2.854203596187854, 2.854203596187854, 2.854203596187854, 2.854203596187854, 2.854203596187854, 2.854203596187854, 2.854203596187854, 2.854203596187854, 2.7097217475858146, 2.7097217475858146, 2.854203596187854]",0.05
rand,rand,prob,Rand.Uni.1000.5.1.gexf,1000,5000,5,3,6,2.854203596187854,2.096685398799897,2.8542035961878534,2.096685398799897,277,21,20,0,0,"[2.854203596187854, 2.8542035961878534, 2.854203596187854, 2.854203596187854, 2.854203596187854, 2.854203596187854, 2.854203596187854, 2.854203596187854, 2.854203596187854, 2.854203596187854, 2.854203596187854, 2.854203596187854, 2.854203596187854, 2.854203596187854, 2.854203596187854, 2.854203596187854, 2.854203596187854, 2.854203596187854, 2.854203596187854, 2.854203596187854, 2.096685398799897, 2.096685398799897, 2.096685398799897]",0.05
rand,rand,prob,Rand.Uni.1000.5.1.gexf,1000,F,10,4,6,F,F,F,F,F,F,F,F,F,F,0.05
rand,rand,prob,Rand.Uni.1000.25.1.gexf,1000,25000,2,1,41,16.953131672527206,16.953131672527206,16.953131672527213,16.953131672527206,56,7,3,0,0,"[16.953131672527206, 16.953131672527213, 16.95313167252721, 16.953131672527206, 16.95313167252721, 16.953131672527213, 16.95313167252721, 16.953131672527206, 16.95313167252721]",0.05
rand,rand,prob,Rand.Uni.1000.25.1.gexf,1000,25000,3,2,41,16.953131672527206,16.704854693596403,16.953131672527217,16.704854693596403,56,15,6,0,0,"[16.953131672527206, 16.953131672527217, 16.95313167252721, 16.953131672527213, 16.953131672527206, 16.95313167252721, 16.953131672527206, 16.95313167252721, 16.953131672527203, 16.70485469359641, 16.704854693596403, 16.70485469359641, 16.704854693596403, 16.70485469359641, 16.704854693596403, 16.95313167252721, 16.953131672527206]",0.05
rand,rand,prob,Rand.Uni.1000.25.1.gexf,1000,25000,5,3,41,16.953131672527206,16.953131672527203,16.953131672527217,16.953131672527203,57,6,5,0,0,"[16.953131672527206, 16.953131672527217, 16.953131672527203, 16.95313167252721, 16.95313167252721, 16.95313167252721, 16.95313167252721, 16.953131672527213]",0.05
rand,rand,prob,Rand.Uni.1000.25.1.gexf,1000,25000,10,4,41,16.953131672527206,16.953131672527203,16.95313167252721,16.953131672527203,55,7,5,0,0,"[16.953131672527206, 16.95313167252721, 16.95313167252721, 16.953131672527213, 16.953131672527206, 16.953131672527213, 16.953131672527203, 16.95313167252721, 16.95313167252721]",0.05
cut,rand,prob,Small.100.10.2.1.gexf,100,1000,2,1,10,10.0,8.0,8.0,8.0,2313,142,126,0,0,"[10.0, 8.0, 9.0, 9.0, 10.0, 10.0, 10.0, 10.0, 10.0, 10.0, 10.0, 10.0, 10.0, 10.0, 10.0, 9.0, 9.0, 9.0, 9.0, 9.0, 9.0, 9.0, 9.0, 10.0, 10.0, 10.0, 10.0, 10.0, 10.0, 9.0, 10.0, 10.0, 10.0, 10.0, 10.0, 10.0, 10.0, 10.0, 10.0, 10.0, 9.0, 9.0, 9.0, 10.0, 10.0, 9.0, 9.0, 9.0, 9.0, 9.0, 10.0, 10.0, 9.0, 9.0, 9.0, 10.0, 10.0, 9.0, 10.0, 10.0, 10.0, 10.0, 10.0, 9.0, 9.0, 9.0, 9.0, 9.0, 9.0, 9.0, 9.0, 9.0, 9.0, 10.0, 10.0, 10.0, 9.0, 8.0, 9.0, 9.0, 10.0, 10.0, 10.0, 10.0, 10.0, 10.0, 10.0, 10.0, 9.0, 9.0, 10.0, 10.0, 10.0, 10.0, 10.0, 10.0, 10.0, 9.0, 8.0, 9.0, 10.0, 10.0, 10.0, 10.0, 9.0, 10.0, 10.0, 10.0, 10.0, 10.0, 10.0, 10.0, 10.0, 10.0, 10.0, 9.0, 9.0, 10.0, 10.0, 9.0, 9.0, 10.0, 10.0, 9.0, 9.0, 9.0, 10.0, 10.0, 10.0, 10.0, 10.0, 10.0, 10.0, 10.0, 10.0, 10.0, 10.0, 10.0, 10.0, 10.0, 10.0, 10.0, 10.0, 10.0]",0.05
cut,rand,prob,Small.100.10.2.1.gexf,100,1000,3,2,10,10.0,7.0,7.0,8.0,2278,117,99,0,0,"[10.0, 7.0, 8.0, 8.0, 8.0, 9.0, 9.0, 10.0, 9.0, 9.0, 10.0, 10.0, 10.0, 10.0, 10.0, 9.0, 9.0, 9.0, 9.0, 9.0, 9.0, 10.0, 10.0, 10.0, 10.0, 10.0, 9.0, 10.0, 9.0, 9.0, 9.0, 9.0, 10.0, 10.0, 10.0, 10.0, 9.0, 10.0, 10.0, 10.0, 10.0, 10.0, 10.0, 10.0, 10.0, 10.0, 10.0, 9.0, 9.0, 9.0, 9.0, 9.0, 9.0, 9.0, 10.0, 10.0, 10.0, 10.0, 10.0, 10.0, 10.0, 10.0, 10.0, 10.0, 9.0, 9.0, 9.0, 9.0, 9.0, 10.0, 10.0, 10.0, 9.0, 10.0, 10.0, 10.0, 10.0, 9.0, 9.0, 8.0, 9.0, 9.0, 9.0, 10.0, 10.0, 10.0, 9.0, 9.0, 10.0, 10.0, 9.0, 10.0, 10.0, 10.0, 9.0, 10.0, 10.0, 10.0, 9.0, 9.0, 9.0, 9.0, 10.0, 10.0, 10.0, 10.0, 9.0, 9.0, 9.0, 10.0, 10.0, 9.0, 9.0, 9.0, 10.0, 10.0, 9.0, 8.0, 8.0]",0.05
cut,rand,prob,Small.100.10.2.1.gexf,100,1000,5,3,10,10.0,3.0,3.0,4.0,2339,128,109,0,0,"[10.0, 3.0, 4.0, 5.0, 6.0, 6.0, 6.0, 5.0, 6.0, 7.0, 8.0, 8.0, 8.0, 8.0, 8.0, 8.0, 8.0, 8.0, 8.0, 8.0, 8.0, 8.0, 8.0, 8.0, 8.0, 8.0, 7.0, 7.0, 7.0, 6.0, 6.0, 7.0, 7.0, 7.0, 6.0, 6.0, 7.0, 8.0, 7.0, 7.0, 7.0, 7.0, 8.0, 8.0, 8.0, 8.0, 8.0, 8.0, 7.0, 8.0, 7.0, 7.0, 8.0, 8.0, 8.0, 7.0, 7.0, 7.0, 7.0, 7.0, 6.0, 7.0, 7.0, 7.0, 6.0, 6.0, 7.0, 8.0, 8.0, 8.0, 8.0, 8.0, 8.0, 7.0, 8.0, 8.0, 8.0, 8.0, 8.0, 8.0, 8.0, 8.0, 8.0, 8.0, 8.0, 7.0, 7.0, 6.0, 7.0, 7.0, 7.0, 8.0, 8.0, 7.0, 8.0, 7.0, 7.0, 7.0, 7.0, 7.0, 7.0, 7.0, 6.0, 5.0, 6.0, 7.0, 7.0, 7.0, 7.0, 7.0, 7.0, 7.0, 6.0, 7.0, 7.0, 7.0, 8.0, 8.0, 8.0, 8.0, 8.0, 8.0, 8.0, 8.0, 7.0, 7.0, 7.0, 7.0, 7.0, 7.0]",0.05
cut,rand,prob,Small.100.10.2.1.gexf,100,F,10,4,10,F,F,F,F,F,F,F,F,F,F,0.05
cut,rand,prob,Small.100.10.5.1.gexf,100,1000,2,1,9,9.0,7.0,7.0,7.0,2183,111,95,0,0,"[9.0, 7.0, 8.0, 9.0, 9.0, 9.0, 8.0, 9.0, 9.0, 9.0, 9.0, 9.0, 9.0, 9.0, 9.0, 9.0, 8.0, 9.0, 9.0, 9.0, 9.0, 9.0, 8.0, 9.0, 8.0, 9.0, 9.0, 9.0, 8.0, 9.0, 9.0, 9.0, 9.0, 9.0, 9.0, 9.0, 9.0, 9.0, 9.0, 9.0, 9.0, 9.0, 9.0, 9.0, 9.0, 8.0, 9.0, 9.0, 9.0, 9.0, 9.0, 9.0, 9.0, 8.0, 9.0, 9.0, 9.0, 9.0, 9.0, 8.0, 9.0, 9.0, 8.0, 9.0, 9.0, 9.0, 9.0, 9.0, 8.0, 8.0, 8.0, 9.0, 9.0, 9.0, 9.0, 9.0, 9.0, 9.0, 9.0, 9.0, 9.0, 8.0, 9.0, 9.0, 9.0, 9.0, 9.0, 9.0, 9.0, 9.0, 9.0, 9.0, 9.0, 8.0, 7.0, 8.0, 9.0, 9.0, 9.0, 9.0, 9.0, 9.0, 8.0, 8.0, 7.0, 8.0, 8.0, 8.0, 9.0, 9.0, 9.0, 9.0, 8.0]",0.05
cut,rand,prob,Small.100.10.5.1.gexf,100,1000,3,2,9,9.0,5.0,5.0,5.0,2179,133,113,0,0,"[9.0, 5.0, 6.0, 7.0, 8.0, 8.0, 8.0, 8.0, 7.0, 7.0, 7.0, 6.0, 6.0, 7.0, 7.0, 8.0, 8.0, 7.0, 7.0, 6.0, 7.0, 7.0, 7.0, 7.0, 7.0, 7.0, 8.0, 8.0, 8.0, 8.0, 8.0, 8.0, 8.0, 8.0, 8.0, 8.0, 7.0, 6.0, 5.0, 5.0, 6.0, 6.0, 7.0, 7.0, 7.0, 7.0, 7.0, 7.0, 8.0, 8.0, 7.0, 8.0, 7.0, 6.0, 7.0, 7.0, 7.0, 8.0, 8.0, 8.0, 8.0, 8.0, 8.0, 8.0, 8.0, 8.0, 7.0, 7.0, 7.0, 6.0, 6.0, 7.0, 8.0, 8.0, 7.0, 8.0, 8.0, 8.0, 8.0, 8.0, 8.0, 8.0, 7.0, 8.0, 7.0, 7.0, 7.0, 8.0, 8.0, 7.0, 6.0, 7.0, 7.0, 7.0, 7.0, 8.0, 8.0, 8.0, 8.0, 8.0, 8.0, 8.0, 7.0, 7.0, 6.0, 7.0, 8.0, 8.0, 8.0, 8.0, 8.0, 8.0, 7.0, 7.0, 7.0, 7.0, 8.0, 8.0, 8.0, 8.0, 8.0, 8.0, 8.0, 8.0, 8.0, 8.0, 8.0, 8.0, 8.0, 8.0, 8.0, 8.0, 8.0, 8.0, 8.0]",0.05
cut,rand,prob,Small.100.10.5.1.gexf,100,1000,5,3,9,9.0,3.0,3.0,4.0,2216,112,102,0,0,"[9.0, 3.0, 4.0, 5.0, 6.0, 7.0, 7.0, 7.0, 6.0, 6.0, 6.0, 7.0, 7.0, 7.0, 7.0, 6.0, 7.0, 7.0, 7.0, 7.0, 7.0, 7.0, 7.0, 7.0, 7.0, 8.0, 8.0, 8.0, 8.0, 8.0, 8.0, 8.0, 8.0, 8.0, 8.0, 8.0, 8.0, 8.0, 8.0, 8.0, 8.0, 8.0, 8.0, 8.0, 8.0, 8.0, 8.0, 8.0, 8.0, 8.0, 7.0, 7.0, 7.0, 7.0, 7.0, 7.0, 7.0, 7.0, 7.0, 7.0, 7.0, 7.0, 8.0, 8.0, 8.0, 8.0, 8.0, 7.0, 7.0, 7.0, 7.0, 7.0, 8.0, 8.0, 8.0, 8.0, 8.0, 8.0, 8.0, 8.0, 8.0, 8.0, 8.0, 8.0, 8.0, 8.0, 7.0, 6.0, 7.0, 7.0, 8.0, 8.0, 8.0, 8.0, 8.0, 8.0, 8.0, 7.0, 7.0, 6.0, 6.0, 7.0, 7.0, 8.0, 8.0, 8.0, 7.0, 7.0, 7.0, 7.0, 8.0, 7.0, 7.0, 7.0]",0.05
cut,rand,prob,Small.100.10.5.1.gexf,100,F,10,4,9,F,F,F,F,F,F,F,F,F,F,0.05
cut,rand,prob,R-MAT.100.5.1.gexf,100,419,2,1,11,15.0,11.0,11.0,11.0,3748,275,176,0,0,"[15.0, 11.0, 13.0, 15.0, 14.0, 14.0, 15.0, 15.0, 13.0, 15.0, 13.0, 13.0, 13.0, 12.0, 14.0, 14.0, 15.0, 15.0, 15.0, 14.0, 15.0, 14.0, 15.0, 15.0, 15.0, 15.0, 15.0, 14.0, 15.0, 15.0, 13.0, 15.0, 15.0, 13.0, 12.0, 13.0, 13.0, 15.0, 15.0, 15.0, 14.0, 13.0, 14.0, 14.0, 14.0, 15.0, 15.0, 15.0, 14.0, 14.0, 13.0, 14.0, 13.0, 14.0, 14.0, 15.0, 13.0, 11.0, 13.0, 12.0, 13.0, 13.0, 13.0, 12.0, 13.0, 15.0, 14.0, 13.0, 12.0, 14.0, 15.0, 15.0, 15.0, 15.0, 14.0, 14.0, 13.0, 14.0, 14.0, 14.0, 13.0, 14.0, 13.0, 13.0, 12.0, 13.0, 13.0, 13.0, 15.0, 14.0, 13.0, 12.0, 13.0, 15.0, 13.0, 15.0, 14.0, 13.0, 12.0, 13.0, 12.0, 14.0, 13.0, 15.0, 15.0, 14.0, 13.0, 14.0, 14.0, 13.0, 12.0, 14.0, 13.0, 12.0, 11.0, 13.0, 15.0, 13.0, 11.0, 13.0, 15.0, 13.0, 13.0, 12.0, 14.0, 13.0, 12.0, 14.0, 14.0, 15.0, 15.0, 15.0, 15.0, 15.0, 13.0, 11.0, 13.0, 12.0, 13.0, 13.0, 12.0, 14.0, 14.0, 14.0, 14.0, 14.0, 15.0, 15.0, 14.0, 13.0, 14.0, 15.0, 15.0, 15.0, 13.0, 13.0, 11.0, 13.0, 11.0, 13.0, 13.0, 15.0, 14.0, 15.0, 14.0, 15.0, 15.0, 13.0, 12.0, 14.0, 14.0, 15.0, 15.0, 14.0, 14.0, 12.0, 13.0, 12.0, 14.0, 12.0, 13.0, 13.0, 13.0, 15.0, 14.0, 14.0, 14.0, 15.0, 15.0, 15.0, 14.0, 15.0, 15.0, 14.0, 12.0, 14.0, 13.0, 15.0, 13.0, 15.0, 15.0, 15.0, 14.0, 15.0, 15.0, 15.0, 15.0, 14.0, 13.0, 14.0, 14.0, 15.0, 15.0, 14.0, 15.0, 15.0, 15.0, 14.0, 15.0, 14.0, 15.0, 14.0, 15.0, 15.0, 13.0, 15.0, 15.0, 13.0, 12.0, 13.0, 13.0, 11.0, 13.0, 15.0, 15.0, 15.0, 14.0, 14.0, 14.0, 15.0, 14.0, 13.0, 12.0, 14.0, 14.0, 13.0, 12.0, 12.0, 14.0, 13.0, 15.0, 14.0, 14.0, 15.0, 14.0, 15.0, 15.0, 14.0, 15.0, 15.0, 15.0, 14.0, 14.0, 14.0, 15.0, 14.0, 13.0, 15.0, 15.0, 15.0, 15.0, 13.0, 11.0, 13.0, 13.0, 12.0, 14.0]",0.05
cut,rand,prob,R-MAT.100.5.1.gexf,100,419,3,2,11,15.0,8.0,8.0,9.0,3871,275,188,0,0,"[15.0, 8.0, 10.0, 10.0, 9.0, 11.0, 10.0, 12.0, 11.0, 12.0, 11.0, 13.0, 11.0, 11.0, 11.0, 11.0, 13.0, 11.0, 11.0, 12.0, 11.0, 13.0, 14.0, 14.0, 13.0, 14.0, 13.0, 14.0, 13.0, 13.0, 13.0, 13.0, 12.0, 13.0, 13.0, 13.0, 12.0, 13.0, 13.0, 13.0, 13.0, 14.0, 13.0, 13.0, 12.0, 12.0, 13.0, 13.0, 14.0, 14.0, 14.0, 14.0, 14.0, 13.0, 12.0, 11.0, 12.0, 11.0, 13.0, 12.0, 13.0, 12.0, 13.0, 12.0, 13.0, 13.0, 14.0, 12.0, 11.0, 10.0, 11.0, 13.0, 12.0, 12.0, 11.0, 10.0, 11.0, 10.0, 9.0, 11.0, 12.0, 13.0, 13.0, 14.0, 13.0, 13.0, 13.0, 14.0, 14.0, 13.0, 13.0, 12.0, 12.0, 10.0, 12.0, 13.0, 13.0, 12.0, 13.0, 13.0, 13.0, 14.0, 13.0, 13.0, 12.0, 12.0, 12.0, 11.0, 12.0, 11.0, 12.0, 10.0, 10.0, 10.0, 12.0, 14.0, 14.0, 13.0, 11.0, 12.0, 14.0, 13.0, 12.0, 10.0, 11.0, 13.0, 13.0, 14.0, 14.0, 14.0, 14.0, 13.0, 12.0, 13.0, 14.0, 14.0, 14.0, 14.0, 14.0, 14.0, 14.0, 14.0, 14.0, 13.0, 12.0, 12.0, 12.0, 11.0, 10.0, 12.0, 12.0, 13.0, 13.0, 13.0, 14.0, 14.0, 13.0, 12.0, 12.0, 12.0, 11.0, 12.0, 12.0, 12.0, 14.0, 13.0, 12.0, 11.0, 9.0, 10.0, 10.0, 12.0, 14.0, 14.0, 13.0, 13.0, 13.0, 11.0, 12.0, 10.0, 10.0, 10.0, 9.0, 11.0, 12.0, 12.0, 11.0, 11.0, 13.0, 14.0, 14.0, 12.0, 11.0, 11.0, 12.0, 11.0, 11.0, 11.0, 12.0, 12.0, 12.0, 14.0, 14.0, 14.0, 13.0, 13.0, 12.0, 11.0, 10.0, 11.0, 12.0, 11.0, 13.0, 12.0, 12.0, 13.0, 13.0, 13.0, 13.0, 13.0, 12.0, 13.0, 13.0, 13.0, 14.0, 14.0, 14.0, 14.0, 13.0, 13.0, 13.0, 13.0, 13.0, 12.0, 11.0, 10.0, 11.0, 11.0, 10.0, 12.0, 14.0, 13.0, 14.0, 13.0, 13.0, 11.0, 12.0, 14.0, 14.0, 14.0, 14.0, 14.0, 14.0, 13.0, 13.0, 14.0, 14.0, 14.0, 13.0, 14.0, 13.0, 13.0, 14.0, 14.0, 13.0, 13.0, 11.0, 13.0, 13.0, 13.0, 13.0, 14.0, 14.0, 13.0, 13.0, 12.0, 14.0]",0.05
cut,rand,prob,R-MAT.100.5.1.gexf,100,419,5,3,11,15.0,6.0,6.0,7.0,3889,278,207,0,0,"[15.0, 6.0, 7.0, 7.0, 9.0, 8.0, 9.0, 11.0, 11.0, 11.0, 11.0, 10.0, 10.0, 9.0, 9.0, 11.0, 11.0, 11.0, 11.0, 9.0, 11.0, 11.0, 10.0, 11.0, 11.0, 11.0, 10.0, 10.0, 12.0, 12.0, 11.0, 11.0, 11.0, 11.0, 12.0, 12.0, 11.0, 10.0, 11.0, 12.0, 11.0, 11.0, 10.0, 10.0, 12.0, 12.0, 11.0, 11.0, 11.0, 11.0, 11.0, 13.0, 13.0, 13.0, 13.0, 13.0, 13.0, 13.0, 13.0, 14.0, 14.0, 13.0, 13.0, 14.0, 13.0, 13.0, 13.0, 12.0, 13.0, 12.0, 11.0, 10.0, 11.0, 11.0, 10.0, 11.0, 12.0, 11.0, 11.0, 12.0, 12.0, 12.0, 14.0, 14.0, 13.0, 12.0, 13.0, 11.0, 11.0, 11.0, 11.0, 13.0, 13.0, 13.0, 13.0, 12.0, 12.0, 10.0, 10.0, 12.0, 11.0, 11.0, 12.0, 12.0, 11.0, 12.0, 12.0, 12.0, 12.0, 13.0, 14.0, 14.0, 14.0, 13.0, 13.0, 12.0, 11.0, 11.0, 12.0, 12.0, 12.0, 12.0, 12.0, 12.0, 12.0, 11.0, 11.0, 11.0, 11.0, 13.0, 14.0, 14.0, 14.0, 14.0, 14.0, 13.0, 14.0, 14.0, 13.0, 13.0, 11.0, 11.0, 11.0, 11.0, 10.0, 11.0, 13.0, 13.0, 13.0, 12.0, 12.0, 11.0, 11.0, 11.0, 12.0, 12.0, 12.0, 11.0, 11.0, 11.0, 9.0, 11.0, 12.0, 12.0, 12.0, 11.0, 12.0, 13.0, 13.0, 11.0, 10.0, 10.0, 11.0, 10.0, 11.0, 12.0, 12.0, 10.0, 9.0, 9.0, 9.0, 9.0, 8.0, 9.0, 9.0, 9.0, 11.0, 11.0, 11.0, 13.0, 12.0, 12.0, 12.0, 12.0, 13.0, 12.0, 11.0, 12.0, 13.0, 13.0, 13.0, 13.0, 13.0, 12.0, 13.0, 13.0, 13.0, 13.0, 12.0, 11.0, 9.0, 7.0, 8.0, 8.0, 10.0, 11.0, 11.0, 12.0, 14.0, 14.0, 14.0, 13.0, 12.0, 11.0, 12.0, 10.0, 10.0, 11.0, 10.0, 10.0, 8.0, 10.0, 11.0, 11.0, 10.0, 11.0, 11.0, 11.0, 11.0, 11.0, 11.0, 13.0, 14.0, 14.0, 13.0, 13.0, 13.0, 13.0, 13.0, 14.0, 14.0, 14.0, 13.0, 13.0, 14.0, 14.0, 12.0, 12.0, 14.0, 14.0, 13.0, 12.0, 12.0, 13.0, 13.0, 14.0, 13.0, 13.0, 14.0, 13.0, 13.0, 12.0, 12.0, 12.0, 13.0, 12.0, 10.0, 10.0, 10.0, 11.0]",0.05
cut,rand,prob,R-MAT.100.5.1.gexf,100,419,10,4,11,15.0,0,0,inf,0,0,0,0,0,"[15.0, 0]",0.05
cut,rand,prob,R-MAT.100.25.1.gexf,100,1423,2,1,35,103.0,77.0,77.0,90.0,1351,85,60,0,0,"[103.0, 77.0, 90.0, 103.0, 101.0, 103.0, 90.0, 90.0, 103.0, 103.0, 90.0, 103.0, 102.0, 103.0, 103.0, 103.0, 103.0, 103.0, 103.0, 103.0, 102.0, 102.0, 103.0, 103.0, 103.0, 103.0, 102.0, 103.0, 102.0, 103.0, 103.0, 103.0, 103.0, 103.0, 100.0, 100.0, 100.0, 99.0, 99.0, 98.0, 102.0, 102.0, 103.0, 103.0, 102.0, 102.0, 103.0, 103.0, 102.0, 95.0, 102.0, 100.0, 95.0, 96.0, 96.0, 95.0, 102.0, 103.0, 103.0, 103.0, 103.0, 103.0, 102.0, 101.0, 102.0, 102.0, 103.0, 102.0, 103.0, 103.0, 103.0, 95.0, 103.0, 96.0, 103.0, 102.0, 102.0, 101.0, 102.0, 103.0, 103.0, 103.0, 99.0, 97.0, 99.0, 99.0, 103.0]",0.05
cut,rand,prob,R-MAT.100.25.1.gexf,100,1423,3,2,35,103.0,69.0,69.0,79.0,1363,95,71,0,0,"[103.0, 69.0, 82.0, 82.0, 90.0, 103.0, 103.0, 103.0, 102.0, 103.0, 103.0, 101.0, 100.0, 101.0, 103.0, 103.0, 103.0, 103.0, 103.0, 103.0, 103.0, 103.0, 103.0, 103.0, 102.0, 98.0, 102.0, 100.0, 100.0, 102.0, 96.0, 97.0, 103.0, 103.0, 103.0, 103.0, 103.0, 90.0, 90.0, 103.0, 102.0, 103.0, 103.0, 103.0, 101.0, 101.0, 101.0, 101.0, 101.0, 101.0, 100.0, 102.0, 102.0, 102.0, 102.0, 102.0, 103.0, 102.0, 102.0, 103.0, 99.0, 99.0, 99.0, 92.0, 92.0, 79.0, 83.0, 82.0, 89.0, 90.0, 88.0, 87.0, 100.0, 102.0, 102.0, 103.0, 103.0, 102.0, 102.0, 103.0, 102.0, 89.0, 89.0, 102.0, 102.0, 102.0, 103.0, 103.0, 103.0, 101.0, 97.0, 97.0, 99.0, 99.0, 99.0, 99.0, 91.0]",0.05
cut,rand,prob,R-MAT.100.25.1.gexf,100,1423,5,3,35,103.0,45.0,45.0,58.0,1360,68,51,0,0,"[103.0, 45.0, 58.0, 58.0, 64.0, 71.0, 71.0, 71.0, 71.0, 84.0, 82.0, 89.0, 89.0, 85.0, 84.0, 88.0, 88.0, 88.0, 88.0, 88.0, 89.0, 89.0, 89.0, 91.0, 91.0, 91.0, 91.0, 91.0, 91.0, 90.0, 91.0, 91.0, 90.0, 90.0, 90.0, 90.0, 86.0, 87.0, 91.0, 91.0, 91.0, 91.0, 91.0, 88.0, 87.0, 87.0, 87.0, 87.0, 87.0, 86.0, 85.0, 86.0, 86.0, 90.0, 89.0, 88.0, 88.0, 89.0, 89.0, 90.0, 89.0, 89.0, 90.0, 78.0, 77.0, 76.0, 89.0, 90.0, 85.0, 85.0]",0.05
cut,rand,prob,R-MAT.100.25.1.gexf,100,1423,10,4,35,103.0,27.0,27.0,29.0,1426,98,75,0,0,"[103.0, 27.0, 29.0, 36.0, 38.0, 42.0, 42.0, 42.0, 55.0, 58.0, 58.0, 58.0, 58.0, 58.0, 54.0, 54.0, 61.0, 61.0, 61.0, 61.0, 61.0, 74.0, 74.0, 74.0, 73.0, 73.0, 73.0, 77.0, 74.0, 72.0, 72.0, 71.0, 71.0, 70.0, 72.0, 75.0, 72.0, 71.0, 71.0, 71.0, 70.0, 68.0, 68.0, 68.0, 69.0, 76.0, 74.0, 74.0, 74.0, 75.0, 74.0, 74.0, 76.0, 76.0, 75.0, 76.0, 80.0, 79.0, 79.0, 79.0, 80.0, 77.0, 77.0, 75.0, 74.0, 73.0, 70.0, 70.0, 72.0, 72.0, 72.0, 71.0, 72.0, 75.0, 75.0, 79.0, 77.0, 79.0, 82.0, 82.0, 82.0, 82.0, 83.0, 83.0, 80.0, 80.0, 80.0, 80.0, 80.0, 80.0, 80.0, 80.0, 73.0, 80.0, 81.0, 81.0, 81.0, 84.0, 84.0, 84.0]",0.05
cut,rand,prob,Complete.100.1.1.gexf,100,9900,2,1,99,53.038258215691236,51.08495848779826,51.08495848779826,52.058757568674366,200,12,5,0,0,"[53.038258215691236, 51.08495848779826, 52.058757568674366, 53.03825821569124, 53.038258215691236, 53.038258215691236, 53.03825821569123, 53.03825821569122, 53.03825821569123, 53.03825821569124, 53.03825821569123, 53.0382582156912, 52.75441959929919, 52.754419599299176]",0.05
cut,rand,prob,Complete.100.1.1.gexf,100,9900,3,2,99,53.038258215691236,49.82899473155973,49.82899473155973,50.80279381243584,205,11,8,0,0,"[53.038258215691236, 49.82899473155973, 50.802793812435866, 50.80279381243584, 51.77491895228232, 51.77491895228232, 51.77491895228232, 51.774918952282334, 51.774918952282334, 51.77491895228232, 52.754419599299204, 52.75441959929917, 52.7544195992992]",0.05
cut,rand,prob,Complete.100.1.1.gexf,100,9900,5,3,99,53.038258215691236,47.915648153622065,47.915648153622065,48.887773293468534,207,14,8,0,0,"[53.038258215691236, 47.915648153622065, 48.88777329346854, 48.887773293468534, 48.88777329346854, 49.85323375774223, 49.85323375774221, 50.82703283861836, 50.82703283861833, 50.82703283861835, 50.82703283861833, 50.82703283861836, 50.82703283861832, 51.774918952282334, 51.774918952282306, 52.75441959929918]",0.05
cut,rand,prob,Complete.100.1.1.gexf,100,9900,10,4,99,53.038258215691236,43.287051011158496,43.287051011158496,44.25251147543216,204,23,10,0,0,"[53.038258215691236, 43.287051011158496, 44.25251147543217, 44.25251147543216, 44.34680543343622, 44.34680543343621, 44.3468054334362, 45.29362985297815, 45.29362985297814, 46.23501144655016, 46.23501144655015, 47.048086584013504, 47.048086584013504, 47.04808658401349, 47.96252648297855, 47.96252648297853, 47.962526482978525, 48.942027129995395, 48.94202712999538, 49.889913243659386, 49.88991324365938, 49.889913243659386, 49.88991324365938, 49.15081337207176, 49.15081337207173]",0.05
cut,rand,prob,Complete.100.20.1.gexf,100,9900,2,1,99,931,893,893,912,204,15,13,0,0,"[931, 893, 912, 912, 931, 931, 931, 931, 931, 931, 931, 926, 917, 926, 931, 931, 931]",0.05
cut,rand,prob,Complete.100.20.1.gexf,100,9900,3,2,99,931,874,874,893,210,12,10,0,0,"[931, 874, 893, 893, 893, 912, 931, 928, 920, 928, 928, 928, 928, 928]",0.05
cut,rand,prob,Complete.100.20.1.gexf,100,9900,5,3,99,931,833,833,852,212,12,10,0,0,"[931, 833, 852, 871, 890, 909, 909, 928, 928, 926, 928, 915, 928, 928]",0.05
cut,rand,prob,Complete.100.20.1.gexf,100,9900,10,4,99,931,746,746,765,208,6,6,0,0,"[931, 746, 765, 784, 803, 821, 840, 840]",0.05
cut,rand,prob,Rand.Uni.100.5.1.gexf,100,500,2,1,6,4.7465977072765915,2.824666795491421,2.824666795491421,3.00385340909481,2763,169,111,0,0,"[4.7465977072765915, 2.824666795491421, 3.772476540781271, 3.1499821984907315, 3.772476540781271, 3.772476540781272, 3.772476540781271, 3.772476540781272, 3.772476540781271, 3.055482644204306, 3.772476540781271, 4.7465977072765915, 4.7465977072765915, 4.7465977072765915, 4.7465977072765915, 3.7987879619867413, 3.7987879619867413, 3.7987879619867413, 3.7987879619867413, 3.7987879619867413, 3.1762936196962013, 3.7987879619867413, 3.7987879619867413, 3.7987879619867413, 4.7465977072765915, 4.7465977072765915, 3.951663154384661, 3.951663154384661, 3.951663154384661, 3.2346692578076954, 4.029603810699626, 4.029603810699626, 4.029603810699626, 3.772476540781272, 3.772476540781271, 3.772476540781272, 4.7465977072765915, 4.7465977072765915, 4.746597707276591, 4.029603810699626, 4.029603810699626, 4.029603810699626, 4.029603810699626, 4.029603810699626, 4.029603810699626, 4.7465977072765915, 4.746597707276591, 4.7465977072765915, 4.7465977072765915, 4.7465977072765915, 4.7465977072765915, 4.7465977072765915, 4.746597707276591, 4.7465977072765915, 4.746597707276591, 3.7987879619867413, 4.746597707276591, 3.951663154384661, 4.7465977072765915, 4.7465977072765915, 4.746597707276591, 4.029603810699626, 4.7465977072765915, 4.7465977072765915, 4.029603810699626, 3.7987879619867413, 3.7987879619867413, 3.7987879619867413, 4.7465977072765915, 4.7465977072765915, 4.7465977072765915, 4.746597707276591, 4.7465977072765915, 4.7465977072765915, 4.056353703544608, 3.7987879619867413, 3.00385340909481, 3.951663154384661, 4.7465977072765915, 4.7465977072765915, 4.746597707276591, 4.7465977072765915, 4.746597707276591, 4.7465977072765915, 4.7465977072765915, 4.056353703544608, 4.7465977072765915, 4.7465977072765915, 3.772476540781272, 3.772476540781272, 3.772476540781271, 3.772476540781272, 3.772476540781271, 3.772476540781272, 3.772476540781271, 3.772476540781272, 3.772476540781271, 3.772476540781272, 3.772476540781271, 4.7465977072765915, 4.7465977072765915, 4.7465977072765915, 4.746597707276591, 4.7465977072765915, 4.746597707276591, 4.7465977072765915, 4.7465977072765915, 4.746597707276591, 4.7465977072765915, 4.746597707276591, 4.7465977072765915, 4.746597707276591, 4.7465977072765915, 4.7465977072765915, 4.7465977072765915, 4.029603810699626, 4.029603810699626, 4.7465977072765915, 4.7465977072765915, 4.7465977072765915, 4.7465977072765915, 4.7465977072765915, 4.7465977072765915, 4.7465977072765915, 4.124103364986052, 3.329168812094121, 3.2346692578076954, 3.951663154384661, 3.951663154384661, 4.7465977072765915, 4.7465977072765915, 4.7465977072765915, 4.7465977072765915, 3.772476540781272, 3.772476540781271, 3.772476540781272, 3.772476540781271, 4.7465977072765915, 4.029603810699626, 4.7465977072765915, 4.7465977072765915, 4.7465977072765915, 4.7465977072765915, 4.7465977072765915, 4.7465977072765915, 4.7465977072765915, 4.746597707276591, 4.056353703544608, 4.056353703544607, 4.7465977072765915, 4.746597707276591, 4.7465977072765915, 4.746597707276591, 4.7465977072765915, 4.746597707276591, 4.7465977072765915, 4.746597707276592, 4.7465977072765915, 4.746597707276591, 4.7465977072765915, 4.7465977072765915, 4.124103364986052, 4.124103364986052, 4.124103364986052, 4.7465977072765915, 4.7465977072765915, 4.746597707276591, 4.7465977072765915, 4.746597707276591, 4.7465977072765915, 4.7465977072765915]",0.05
cut,rand,prob,Rand.Uni.100.5.1.gexf,100,500,3,2,6,4.7465977072765915,2.0297322425994895,2.0297322425994895,2.824666795491421,2740,204,127,0,0,"[4.7465977072765915, 2.0297322425994895, 2.824666795491421, 3.772476540781271, 3.772476540781272, 3.772476540781271, 3.772476540781272, 3.772476540781271, 3.1499821984907315, 2.9775419878893405, 3.951663154384661, 3.951663154384661, 3.9516631543846605, 3.951663154384661, 3.9516631543846605, 3.9516631543846614, 3.9516631543846605, 3.00385340909481, 3.7987879619867413, 3.7987879619867413, 3.798787961986741, 3.7987879619867413, 3.0817940654097757, 4.029603810699626, 4.029603810699626, 4.746597707276591, 4.7465977072765915, 4.746597707276591, 4.7465977072765915, 4.746597707276591, 4.7465977072765915, 4.029603810699626, 4.7465977072765915, 4.746597707276591, 4.7465977072765915, 4.7465977072765915, 4.7465977072765915, 4.7465977072765915, 4.7465977072765915, 4.7465977072765915, 4.7465977072765915, 4.746597707276591, 4.7465977072765915, 4.746597707276591, 4.7465977072765915, 4.746597707276591, 4.7465977072765915, 4.746597707276591, 4.7465977072765915, 4.746597707276591, 4.7465977072765915, 4.746597707276591, 4.7465977072765915, 4.746597707276591, 4.7465977072765915, 4.746597707276591, 4.7465977072765915, 4.746597707276591, 4.7465977072765915, 4.746597707276591, 4.7465977072765915, 4.746597707276591, 4.7465977072765915, 4.124103364986052, 4.7465977072765915, 4.746597707276591, 4.7465977072765915, 4.7465977072765915, 4.7465977072765915, 4.746597707276591, 4.7465977072765915, 4.746597707276591, 4.7465977072765915, 4.746597707276591, 4.7465977072765915, 4.7465977072765915, 4.7465977072765915, 3.7987879619867413, 3.7987879619867413, 3.798787961986741, 3.0817940654097757, 3.0817940654097757, 4.029603810699626, 4.029603810699626, 3.3393598069676425, 4.056353703544608, 4.7465977072765915, 4.7465977072765915, 4.7465977072765915, 4.746597707276591, 4.7465977072765915, 4.746597707276591, 4.7465977072765915, 4.746597707276591, 3.772476540781272, 3.772476540781271, 3.772476540781272, 3.772476540781271, 3.772476540781272, 3.772476540781271, 2.9775419878893405, 2.9775419878893405, 3.951663154384661, 2.9775419878893405, 3.951663154384661, 2.9775419878893405, 2.9775419878893405, 3.772476540781271, 3.772476540781272, 3.772476540781271, 3.772476540781272, 3.772476540781271, 3.1499821984907315, 3.772476540781271, 4.7465977072765915, 4.124103364986052, 4.124103364986052, 4.124103364986052, 4.7465977072765915, 4.7465977072765915, 4.7465977072765915, 4.7465977072765915, 4.056353703544608, 4.056353703544607, 4.056353703544608, 4.056353703544608, 3.082232537049288, 4.056353703544608, 4.7465977072765915, 4.7465977072765915, 3.7987879619867413, 3.7987879619867413, 4.7465977072765915, 4.124103364986052, 4.124103364986052, 4.124103364986052, 4.124103364986052, 4.124103364986052, 4.124103364986052, 4.7465977072765915, 4.7465977072765915, 4.7465977072765915, 4.7465977072765915, 4.7465977072765915, 4.7465977072765915, 4.746597707276591, 4.7465977072765915, 4.029603810699626, 4.7465977072765915, 4.746597707276591, 4.7465977072765915, 4.7465977072765915, 4.7465977072765915, 4.746597707276591, 4.7465977072765915, 4.7465977072765915, 4.7465977072765915, 4.7465977072765915, 4.7465977072765915, 4.746597707276591, 4.7465977072765915, 4.7465977072765915, 4.029603810699626, 4.746597707276592, 4.7465977072765915, 3.7987879619867413, 3.7987879619867413, 3.7987879619867413, 3.798787961986741, 3.7987879619867413, 3.798787961986741, 3.7987879619867413, 3.798787961986741, 3.7987879619867413, 3.798787961986741, 3.7987879619867413, 3.798787961986741, 3.7987879619867413, 3.798787961986741, 3.7987879619867413, 3.7987879619867413, 3.7987879619867413, 3.772476540781272, 3.772476540781271, 4.7465977072765915, 4.746597707276591, 4.7465977072765915, 4.7465977072765915, 4.7465977072765915, 4.7465977072765915, 4.7465977072765915, 3.7987879619867413, 3.798787961986741, 3.00385340909481, 3.00385340909481, 3.7987879619867413, 3.798787961986741, 3.7987879619867413, 3.00385340909481, 3.00385340909481, 3.951663154384661, 3.951663154384661, 3.9516631543846605, 3.951663154384661, 3.9516631543846605, 3.951663154384661]",0.05
cut,rand,prob,Rand.Uni.100.5.1.gexf,100,500,5,3,6,4.7465977072765915,0,0,inf,0,0,0,0,0,"[4.7465977072765915, 0]",0.05
cut,rand,prob,Rand.Uni.100.5.1.gexf,100,F,10,4,6,F,F,F,F,F,F,F,F,F,F,0.05
cut,rand,prob,Rand.Uni.100.25.1.gexf,100,2500,2,1,36,18.382275183093853,16.406502851830695,16.406502851830695,17.397039695717215,791,110,59,0,0,"[18.382275183093853, 16.406502851830695, 17.397039695717215, 17.397039695717215, 18.382275183093853, 18.382275183093856, 18.382275183093853, 18.382275183093856, 18.382275183093853, 18.382275183093856, 18.382275183093853, 18.382275183093856, 18.382275183093853, 18.382275183093856, 18.382275183093853, 18.38227518309386, 18.38227518309385, 18.38227518309386, 18.382275183093853, 18.382275183093856, 18.382275183093853, 18.382275183093856, 18.382275183093853, 18.382275183093856, 18.382275183093853, 18.382275183093856, 18.382275183093853, 18.38227518309386, 18.382275183093853, 18.38227518309386, 18.382275183093853, 18.38227518309385, 18.27668273755079, 18.276682737550797, 18.276682737550793, 18.276682737550793, 18.27668273755079, 18.276682737550797, 18.276682737550797, 18.382275183093856, 18.382275183093853, 18.382275183093846, 18.382275183093853, 18.382275183093856, 18.38227518309385, 18.003733701915536, 18.003733701915532, 18.382275183093856, 18.382275183093853, 18.38227518309385, 18.382275183093853, 18.38227518309385, 17.64030706658608, 18.38227518309385, 18.382275183093853, 18.38227518309385, 18.382275183093853, 18.38227518309385, 18.382275183093853, 17.507793953795545, 17.50779395379554, 17.50779395379555, 17.507793953795545, 17.50779395379554, 17.50779395379554, 18.382275183093853, 18.275399086361695, 18.27539908636169, 17.859690518133597, 17.966566614865755, 17.859690518133597, 18.2753990863617, 18.27539908636169, 18.2753990863617, 17.8861276545225, 17.886127654522497, 17.886127654522497, 17.886127654522497, 18.382275183093853, 18.38227518309385, 18.382275183093853, 18.382275183093846, 18.382275183093853, 18.38227518309385, 18.382275183093853, 18.382275183093853, 18.38227518309386, 18.382275183093856, 18.382275183093853, 18.382275183093853, 18.382275183093856, 18.382275183093853, 18.38227518309386, 18.382275183093853, 18.382275183093853, 18.382275183093856, 18.38227518309385, 18.382275183093853, 18.382275183093856, 18.382275183093853, 18.382275183093853, 18.382275183093856, 18.382275183093856, 18.382275183093853, 18.382275183093853, 18.382275183093853, 18.382275183093853, 18.382275183093846, 18.38227518309385, 18.382275183093853, 18.382275183093856, 18.382275183093853]",0.05
cut,rand,prob,Rand.Uni.100.25.1.gexf,100,2500,3,2,36,18.382275183093853,15.430813983655431,15.430813983655431,15.878437016894068,792,85,39,0,0,"[18.382275183093853, 15.430813983655431, 16.406502851830698, 16.406502851830695, 17.397039695717222, 17.397039695717215, 17.39703969571721, 17.164617057675947, 17.164617057675944, 16.40650285183069, 15.878437016894068, 16.86367250427071, 16.863672504270706, 17.284862242475175, 17.391738339207333, 17.39173833920733, 17.391738339207336, 18.382275183093856, 18.382275183093856, 18.382275183093856, 18.382275183093856, 18.382275183093853, 17.39703969571721, 17.397039695717215, 17.39703969571721, 17.39703969571722, 17.39703969571721, 17.08790769964668, 17.087907699646678, 17.39703969571722, 17.397039695717215, 17.39703969571722, 17.39703969571721, 18.38227518309386, 18.382275183093856, 18.382275183093853, 18.382275183093856, 18.382275183093853, 18.382275183093853, 18.382275183093853, 18.382275183093846, 17.909079755331145, 17.909079755331142, 17.193505220543315, 17.19350522054331, 17.909079755331142, 17.839757640248813, 17.366562212486105, 17.36656221248611, 17.36656221248611, 17.839757640248816, 17.839757640248813, 18.382275183093853, 18.382275183093856, 18.382275183093853, 18.382275183093856, 18.38227518309385, 18.38227518309386, 17.461811732131146, 18.38227518309385, 18.382275183093853, 18.382275183093856, 18.382275183093853, 17.550689527515534, 17.07749409975283, 17.07749409975283, 17.550689527515537, 17.265575905673245, 16.56015268362902, 16.560152683629017, 16.560152683629013, 17.550689527515534, 18.382275183093853, 18.382275183093856, 18.382275183093853, 18.38227518309385, 18.382275183093853, 18.382275183093856, 18.382275183093853, 17.966566614865766, 17.966566614865762, 17.96656661486576, 17.96656661486576, 17.96656661486576, 17.966566614865762, 17.96656661486576, 17.966566614865755]",0.05
cut,rand,prob,Rand.Uni.100.25.1.gexf,100,2500,5,3,36,18.382275183093853,13.220160735166324,13.220160735166324,14.094641964464632,813,80,38,0,0,"[18.382275183093853, 13.220160735166324, 14.094641964464639, 14.094641964464632, 14.094641964464632, 14.094641964464635, 14.094641964464632, 15.07033083263989, 15.07033083263989, 16.060867676526417, 16.060867676526414, 16.981331127489124, 16.98133112748912, 16.981331127489117, 16.531718396965342, 16.53171839696534, 16.801181539426967, 16.80118153942696, 17.78641702680361, 17.786417026803605, 17.786417026803605, 17.155946846596006, 17.155946846596002, 17.15594684659601, 17.155946846596002, 17.155946846596, 17.155946846596002, 17.15594684659601, 17.155946846596002, 17.155946846596006, 17.155946846596006, 17.155946846596002, 16.413978730088235, 16.413978730088232, 16.413978730088235, 16.0227632916061, 16.022763291606097, 15.842846215989335, 16.23406165447147, 16.976029770979242, 16.976029770979235, 16.976029770979242, 16.97602977097924, 16.976029770979235, 16.976029770979235, 16.97602977097924, 17.966566614865762, 17.96656661486576, 17.96656661486576, 17.966566614865755, 17.966566614865762, 17.96656661486576, 17.966566614865762, 17.96656661486576, 17.966566614865755, 17.922265050269704, 17.9222650502697, 17.92226505026971, 17.92226505026971, 17.922265050269704, 17.922265050269704, 17.922265050269704, 17.922265050269708, 17.922265050269704, 17.9222650502697, 17.922265050269708, 16.93172820638318, 16.93172820638318, 17.922265050269704, 17.922265050269708, 17.922265050269704, 17.258643656503747, 17.258643656503743, 17.258643656503747, 17.258643656503743, 17.258643656503743, 17.922265050269704, 17.302945221099804, 17.302945221099797, 16.82974979333709, 16.82974979333709, 16.829749793337086]",0.05
cut,rand,prob,Rand.Uni.100.25.1.gexf,100,2500,10,4,36,18.382275183093853,8.279931570806118,8.279931570806118,8.99550610559395,799,62,31,0,0,"[18.382275183093853, 8.279931570806118, 8.99550610559395, 9.869987334892258, 10.8552228222689, 11.558887089956764, 11.558887089956759, 12.479350540919471, 12.47935054091947, 12.479350540919468, 13.22131865742724, 13.221318657427236, 13.22131865742724, 13.22131865742724, 14.052904313005552, 14.052904313005557, 14.052904313005557, 14.052904313005559, 14.052904313005554, 13.79360470659289, 14.052904313005557, 14.052904313005556, 14.052904313005554, 14.052904313005552, 14.863524081275315, 14.863524081275312, 14.863524081275308, 14.863524081275314, 14.757931635732254, 15.73362050390751, 15.733620503907508, 15.839212949450573, 15.839212949450571, 15.135548681762709, 15.135548681762705, 15.135548681762707, 15.135548681762712, 15.135548681762707, 15.135548681762705, 15.135548681762707, 14.955399093700555, 14.955399093700553, 14.955399093700553, 13.970163606323915, 13.970163606323908, 13.970163606323915, 13.970163606323911, 13.970163606323911, 13.970163606323908, 13.970163606323915, 13.970163606323911, 13.970163606323915, 13.970163606323908, 13.591622125145594, 13.591622125145594, 13.591622125145594, 13.59162212514559, 13.591622125145594, 14.57685761252224, 14.576857612522236, 14.757007200584397, 14.757007200584393, 14.75700720058439, 14.75700720058439]",0.05
cut,rand,prob,Small.1000.10.2.1.gexf,1000,10000,2,1,9,9.0,7.0,7.0,8.0,175,8,8,0,0,"[9.0, 7.0, 8.0, 8.0, 8.0, 9.0, 9.0, 9.0, 9.0, 9.0]",0.05
cut,rand,prob,Small.1000.10.2.1.gexf,1000,10000,3,2,9,9.0,6.0,6.0,7.0,175,11,11,0,0,"[9.0, 6.0, 7.0, 8.0, 8.0, 8.0, 9.0, 9.0, 9.0, 9.0, 9.0, 9.0, 9.0]",0.05
cut,rand,prob,Small.1000.10.2.1.gexf,1000,10000,5,3,9,9.0,4.0,4.0,5.0,172,8,8,0,0,"[9.0, 4.0, 5.0, 5.0, 6.0, 7.0, 7.0, 8.0, 8.0, 8.0]",0.05
cut,rand,prob,Small.1000.10.2.1.gexf,1000,F,10,4,9,F,F,F,F,F,F,F,F,F,F,0.05
cut,rand,prob,Small.1000.10.5.1.gexf,1000,10000,2,1,8,8.0,6.0,6.0,7.0,177,10,10,0,0,"[8.0, 6.0, 7.0, 7.0, 7.0, 8.0, 8.0, 8.0, 8.0, 8.0, 8.0, 8.0]",0.05
cut,rand,prob,Small.1000.10.5.1.gexf,1000,10000,3,2,8,8.0,5.0,5.0,6.0,171,10,10,0,0,"[8.0, 5.0, 6.0, 6.0, 7.0, 7.0, 7.0, 8.0, 8.0, 8.0, 8.0, 8.0]",0.05
cut,rand,prob,Small.1000.10.5.1.gexf,1000,10000,5,3,8,8.0,3.0,3.0,4.0,174,12,12,0,0,"[8.0, 3.0, 4.0, 4.0, 5.0, 6.0, 7.0, 7.0, 7.0, 7.0, 7.0, 7.0, 7.0, 7.0]",0.05
cut,rand,prob,Small.1000.10.5.1.gexf,1000,F,10,4,8,F,F,F,F,F,F,F,F,F,F,0.05
cut,rand,prob,R-MAT.1000.5.1.gexf,1000,4718,2,1,56,67.0,59.0,59.0,62.0,215,11,11,0,0,"[67.0, 59.0, 62.0, 62.0, 62.0, 67.0, 67.0, 67.0, 67.0, 67.0, 67.0, 67.0, 67.0]",0.05
cut,rand,prob,R-MAT.1000.5.1.gexf,1000,4718,3,2,56,67.0,56.0,56.0,59.0,214,10,9,0,0,"[67.0, 56.0, 59.0, 62.0, 62.0, 67.0, 67.0, 67.0, 67.0, 67.0, 66.0, 66.0]",0.05
cut,rand,prob,R-MAT.1000.5.1.gexf,1000,4718,5,3,56,67.0,51.0,51.0,54.0,219,7,7,0,0,"[67.0, 51.0, 54.0, 59.0, 59.0, 59.0, 59.0, 62.0, 62.0]",0.05
cut,rand,prob,R-MAT.1000.5.1.gexf,1000,4718,10,4,56,67.0,43.0,43.0,44.0,213,8,7,0,0,"[67.0, 43.0, 44.0, 45.0, 46.0, 46.0, 47.0, 46.0, 47.0, 48.0]",0.05
cut,rand,prob,R-MAT.1000.25.1.gexf,1000,20721,2,1,184,346.0,310.0,310.0,331.0,50,1,1,0,0,"[346.0, 310.0, 331.0]",0.05
cut,rand,prob,R-MAT.1000.25.1.gexf,1000,20721,3,2,184,346.0,289.0,289.0,302.0,50,2,2,0,0,"[346.0, 289.0, 302.0, 322.0]",0.05
cut,rand,prob,R-MAT.1000.25.1.gexf,1000,20721,5,3,184,346.0,268.0,268.0,inf,48,0,0,0,0,"[346.0, 268.0]",0.05
cut,rand,prob,R-MAT.1000.25.1.gexf,1000,20721,10,4,184,346.0,226.0,226.0,231.0,50,5,4,0,0,"[346.0, 226.0, 231.0, 235.0, 240.0, 239.0, 239.0]",0.05
cut,rand,prob,Complete.1000.1.1.gexf,1000,999000,2,1,999,501.3524688889668,499.356314857295,499.356314857295,inf,2,0,0,0,0,"[501.3524688889668, 499.356314857295]",0.05
cut,rand,prob,Complete.1000.1.1.gexf,1000,999000,3,2,999,501.3524688889668,496.36537739022776,496.36537739022776,inf,2,0,0,0,0,"[501.3524688889668, 496.36537739022776]",0.05
cut,rand,prob,Complete.1000.1.1.gexf,1000,999000,5,3,999,501.3524688889668,491.39123327577533,491.39123327577533,inf,2,0,0,0,0,"[501.3524688889668, 491.39123327577533]",0.05
cut,rand,prob,Complete.1000.1.1.gexf,1000,999000,10,4,999,501.3524688889668,481.4867947168509,481.4867947168509,inf,2,0,0,0,0,"[501.3524688889668, 481.4867947168509]",0.05
cut,rand,prob,Complete.1000.20.1.gexf,1000,999000,2,1,999,9680,9642,9642,inf,2,0,0,0,0,"[9680, 9642]",0.05
cut,rand,prob,Complete.1000.20.1.gexf,1000,999000,3,2,999,9680,9585,9585,9604,2,1,1,0,0,"[9680, 9585, 9604]",0.05
cut,rand,prob,Complete.1000.20.1.gexf,1000,999000,5,3,999,9680,9509,9509,inf,2,0,0,0,0,"[9680, 9509]",0.05
cut,rand,prob,Complete.1000.20.1.gexf,1000,999000,10,4,999,9680,9319,9319,inf,2,0,0,0,0,"[9680, 9319]",0.05
cut,rand,prob,Rand.Uni.1000.5.1.gexf,1000,5000,2,1,6,2.854203596187854,1.5778106667510647,1.5778106667510647,2.096685398799897,278,14,13,0,0,"[2.854203596187854, 1.5778106667510647, 2.241167247401936, 2.241167247401936, 2.096685398799897, 2.7097217475858146, 2.7097217475858146, 2.854203596187854, 2.854203596187854, 2.854203596187854, 2.854203596187854, 2.854203596187854, 2.854203596187854, 2.854203596187854, 2.854203596187854, 2.854203596187854]",0.05
cut,rand,prob,Rand.Uni.1000.5.1.gexf,1000,5000,3,2,6,2.854203596187854,1.037386737194514,1.037386737194514,1.700743317845386,277,14,13,0,0,"[2.854203596187854, 1.037386737194514, 1.700743317845386, 2.241167247401936, 2.241167247401936, 2.241167247401936, 2.241167247401936, 2.241167247401936, 2.854203596187854, 2.854203596187854, 2.854203596187854, 2.854203596187854, 2.854203596187854, 2.7097217475858146, 2.7097217475858146, 2.7097217475858146]",0.05
cut,rand,prob,Rand.Uni.1000.5.1.gexf,1000,5000,5,3,6,2.854203596187854,0.033073947314859575,0.033073947314859575,0.6964305279657315,281,15,15,0,0,"[2.854203596187854, 0.033073947314859575, 0.6964305279657315, 1.091717709448322, 1.6321416390048729, 1.6321416390048729, 2.2451779877907905, 2.2451779877907905, 2.2451779877907905, 2.7097217475858146, 2.7097217475858146, 2.7097217475858146, 2.7097217475858146, 2.7097217475858146, 2.7097217475858146, 2.7097217475858146, 2.7097217475858146]",0.05
cut,rand,prob,Rand.Uni.1000.5.1.gexf,1000,F,10,4,6,F,F,F,F,F,F,F,F,F,F,0.05
cut,rand,prob,Rand.Uni.1000.25.1.gexf,1000,25000,2,1,41,16.953131672527206,15.082538092043484,15.082538092043484,16.055023950687744,56,7,5,0,0,"[16.953131672527206, 15.082538092043484, 16.055023950687744, 16.953131672527206, 16.95313167252721, 16.953131672527213, 16.95313167252721, 16.953131672527206, 16.95313167252721]",0.05
cut,rand,prob,Rand.Uni.1000.25.1.gexf,1000,25000,3,2,41,16.953131672527206,14.252522791987058,14.252522791987058,15.150630513826522,58,7,5,0,0,"[16.953131672527206, 14.252522791987058, 15.150630513826522, 15.150630513826522, 16.123116372470797, 16.12311637247079, 16.123116372470793, 16.95313167252721, 16.953131672527203]",0.05
cut,rand,prob,Rand.Uni.1000.25.1.gexf,1000,25000,5,3,41,16.953131672527206,12.728360777828085,12.728360777828085,13.483670197003137,56,3,2,0,0,"[16.953131672527206, 12.728360777828085, 13.48367019700314, 13.48367019700314, 13.483670197003137]",0.05
cut,rand,prob,Rand.Uni.1000.25.1.gexf,1000,25000,10,4,41,16.953131672527206,7.052191261222736,7.052191261222736,7.639534789351217,58,6,4,0,0,"[16.953131672527206, 7.052191261222736, 7.639534789351217, 8.394844208526276, 8.394844208526273, 8.969211704118296, 9.613766381353896, 9.613766381353894]",0.05
