path,k,max multirute flow,iterations
Rand.Uni.50.5.26.gexf,2,4.010837438375473,1
Rand.Uni.50.5.26.gexf,3,4.010837438375473,1
Rand.Uni.50.5.26.gexf,5,3.604833259018264,4
Rand.Uni.50.5.26.gexf,10,F,F
Rand.Uni.50.5.26.gexf,50,F,F
Rand.Uni.50.10.26.gexf,2,6.141006988296266,1
Rand.Uni.50.10.26.gexf,3,6.141006988296266,1
Rand.Uni.50.10.26.gexf,5,6.141006988296266,1
Rand.Uni.50.10.26.gexf,10,3.3499475120539297,10
Rand.Uni.50.10.26.gexf,50,F,F
Rand.Uni.50.25.26.gexf,2,16.80875278625875,1
Rand.Uni.50.25.26.gexf,3,16.80875278625875,1
Rand.Uni.50.25.26.gexf,5,16.80875278625875,1
Rand.Uni.50.25.26.gexf,10,16.80875278625875,1
Rand.Uni.50.25.26.gexf,50,F,F
Rand.Uni.100.5.26.gexf,2,3.0872456899505596,1
Rand.Uni.100.5.26.gexf,3,2.9216795230397383,2
Rand.Uni.100.5.26.gexf,5,2.3943087561547953,4
Rand.Uni.100.5.26.gexf,10,F,F
Rand.Uni.100.5.26.gexf,50,F,F
Rand.Uni.100.10.26.gexf,2,7.453142112690916,1
Rand.Uni.100.10.26.gexf,3,7.453142112690916,1
Rand.Uni.100.10.26.gexf,5,7.453142112690916,1
Rand.Uni.100.10.26.gexf,10,6.82487519749185,7
Rand.Uni.100.10.26.gexf,50,F,F
Rand.Uni.100.25.26.gexf,2,23.835278606661923,1
Rand.Uni.100.25.26.gexf,3,23.835278606661923,1
Rand.Uni.100.25.26.gexf,5,23.835278606661923,1
Rand.Uni.100.25.26.gexf,10,23.835278606661923,1
Rand.Uni.100.25.26.gexf,50,F,F
Rand.Uni.500.5.26.gexf,2,3.503578167962738,1
Rand.Uni.500.5.26.gexf,3,3.503578167962738,1
Rand.Uni.500.5.26.gexf,5,1.8867691447626136,6
Rand.Uni.500.5.26.gexf,10,F,F
Rand.Uni.500.5.26.gexf,50,F,F
Rand.Uni.500.10.26.gexf,2,10.928941461656706,1
Rand.Uni.500.10.26.gexf,3,10.928941461656706,1
Rand.Uni.500.10.26.gexf,5,10.928941461656706,1
Rand.Uni.500.10.26.gexf,10,10.928941461656706,1
Rand.Uni.500.10.26.gexf,50,F,F
Rand.Uni.500.25.26.gexf,2,20.342470422377204,1
Rand.Uni.500.25.26.gexf,3,20.342470422377204,1
Rand.Uni.500.25.26.gexf,5,20.342470422377204,1
Rand.Uni.500.25.26.gexf,10,20.342470422377204,1
Rand.Uni.500.25.26.gexf,50,F,F
Rand.Uni.50.5.27.gexf,2,4.395610902466588,1
Rand.Uni.50.5.27.gexf,3,4.395610902466588,1
Rand.Uni.50.5.27.gexf,5,4.024074853422381,4
Rand.Uni.50.5.27.gexf,10,F,F
Rand.Uni.50.5.27.gexf,50,F,F
Rand.Uni.50.10.27.gexf,2,7.0117666036385975,1
Rand.Uni.50.10.27.gexf,3,7.0117666036385975,1
Rand.Uni.50.10.27.gexf,5,7.0117666036385975,1
Rand.Uni.50.10.27.gexf,10,5.3253232308284915,9
Rand.Uni.50.10.27.gexf,50,F,F
Rand.Uni.50.25.27.gexf,2,18.94116634820996,1
Rand.Uni.50.25.27.gexf,3,18.94116634820996,1
Rand.Uni.50.25.27.gexf,5,18.94116634820996,1
Rand.Uni.50.25.27.gexf,10,18.94116634820996,1
Rand.Uni.50.25.27.gexf,50,F,F
Rand.Uni.100.5.27.gexf,2,4.505104320025642,1
Rand.Uni.100.5.27.gexf,3,4.505104320025642,1
Rand.Uni.100.5.27.gexf,5,4.151932194702728,5
Rand.Uni.100.5.27.gexf,10,F,F
Rand.Uni.100.5.27.gexf,50,F,F
Rand.Uni.100.10.27.gexf,2,10.040529553350954,1
Rand.Uni.100.10.27.gexf,3,10.040529553350954,1
Rand.Uni.100.10.27.gexf,5,10.040529553350954,1
Rand.Uni.100.10.27.gexf,10,10.040529553350954,1
Rand.Uni.100.10.27.gexf,50,F,F
Rand.Uni.100.25.27.gexf,2,22.524627503674534,1
Rand.Uni.100.25.27.gexf,3,22.524627503674534,1
Rand.Uni.100.25.27.gexf,5,22.524627503674534,1
Rand.Uni.100.25.27.gexf,10,22.524627503674534,1
Rand.Uni.100.25.27.gexf,50,F,F
Rand.Uni.500.5.27.gexf,2,3.883479826243778,2
Rand.Uni.500.5.27.gexf,3,3.883479826243778,1
Rand.Uni.500.5.27.gexf,5,2.4259349356264224,6
Rand.Uni.500.5.27.gexf,10,F,F
Rand.Uni.500.5.27.gexf,50,F,F
Rand.Uni.500.10.27.gexf,2,9.320066618711945,1
Rand.Uni.500.10.27.gexf,3,9.320066618711945,1
Rand.Uni.500.10.27.gexf,5,9.320066618711945,1
Rand.Uni.500.10.27.gexf,10,9.232518974545778,2
Rand.Uni.500.10.27.gexf,50,F,F
.500.25.27.gexf,2,22.600637409753144,1
Rand.Uni.500.25.27.gexf,3,22.600637409753144,1
Rand.Uni.500.25.27.gexf,5,22.600637409753144,1
Rand.Uni.500.25.27.gexf,10,22.600637409753144,1
Rand.Uni.500.25.27.gexf,50,0.627590160591182-BREAK,51
Rand.Uni.50.5.28.gexf,2,4.506803374423023,1
Rand.Uni.50.5.28.gexf,3,4.506803374423023,1
Rand.Uni.50.5.28.gexf,5,4.3129594577356105,2
Rand.Uni.50.5.28.gexf,10,F,F
Rand.Uni.50.5.28.gexf,50,F,F
Rand.Uni.50.10.28.gexf,2,8.748739069419786,1
Rand.Uni.50.10.28.gexf,3,8.748739069419786,1
Rand.Uni.50.10.28.gexf,5,8.748739069419786,1
Rand.Uni.50.10.28.gexf,10,8.660803938079367,4
Rand.Uni.50.10.28.gexf,50,F,F
Rand.Uni.50.25.28.gexf,2,14.415490793496001,1
Rand.Uni.50.25.28.gexf,3,14.415490793496001,1
Rand.Uni.50.25.28.gexf,5,14.415490793496001,1
Rand.Uni.50.25.28.gexf,10,14.415490793496001,1
Rand.Uni.50.25.28.gexf,50,F,F
Rand.Uni.100.5.28.gexf,2,4.715489244273041,1
Rand.Uni.100.5.28.gexf,3,4.715489244273041,1
Rand.Uni.100.5.28.gexf,5,3.939180394597284,6
Rand.Uni.100.5.28.gexf,10,F,F
Rand.Uni.100.5.28.gexf,50,F,F
Rand.Uni.100.10.28.gexf,2,8.701708561439613,1
Rand.Uni.100.10.28.gexf,3,8.701708561439613,1
Rand.Uni.100.10.28.gexf,5,8.701708561439613,1
Rand.Uni.100.10.28.gexf,10,8.279971221614987,5
Rand.Uni.100.10.28.gexf,50,F,F
Rand.Uni.100.25.28.gexf,2,17.51504792252912,1
Rand.Uni.100.25.28.gexf,3,17.51504792252912,1
Rand.Uni.100.25.28.gexf,5,17.51504792252912,1
Rand.Uni.100.25.28.gexf,10,17.51504792252912,1
Rand.Uni.100.25.28.gexf,50,F,F
Rand.Uni.500.5.28.gexf,2,5.471997323203382,1
Rand.Uni.500.5.28.gexf,3,5.471997323203382,1
Rand.Uni.500.5.28.gexf,5,5.416776423458975,2
Rand.Uni.500.5.28.gexf,10,F,F
Rand.Uni.500.5.28.gexf,50,F,F
Rand.Uni.500.10.28.gexf,2,10.658309909337321,1
Rand.Uni.500.10.28.gexf,3,10.658309909337321,1
Rand.Uni.500.10.28.gexf,5,10.658309909337321,1
Rand.Uni.500.10.28.gexf,10,10.610558073441348,3
Rand.Uni.500.10.28.gexf,50,F,F
Rand.Uni.500.25.28.gexf,2,16.594672108093576,1
Rand.Uni.500.25.28.gexf,3,16.594672108093576,1
Rand.Uni.500.25.28.gexf,5,16.594672108093576,1
Rand.Uni.500.25.28.gexf,10,16.594672108093576,1
Rand.Uni.500.25.28.gexf,50,F,F
Rand.Uni.50.5.29.gexf,2,5.29014474502074,1
Rand.Uni.50.5.29.gexf,3,5.29014474502074,1
Rand.Uni.50.5.29.gexf,5,5.284276905652527,2
Rand.Uni.50.5.29.gexf,10,0.48435672891239445,11
Rand.Uni.50.5.29.gexf,50,F,F
Rand.Uni.50.10.29.gexf,2,6.819174459588922,1
Rand.Uni.50.10.29.gexf,3,6.819174459588922,1
Rand.Uni.50.10.29.gexf,5,6.819174459588922,1
Rand.Uni.50.10.29.gexf,10,5.135022946436321,9
Rand.Uni.50.10.29.gexf,50,F,F
Rand.Uni.50.25.29.gexf,2,15.617758888454032,1
Rand.Uni.50.25.29.gexf,3,15.617758888454032,1
Rand.Uni.50.25.29.gexf,5,15.617758888454032,1
Rand.Uni.50.25.29.gexf,10,15.617758888454032,1
Rand.Uni.50.25.29.gexf,50,F,F
Rand.Uni.100.5.29.gexf,2,2.578727074256086,1
Rand.Uni.100.5.29.gexf,3,2.4554361264905604,3
Rand.Uni.100.5.29.gexf,5,0.5487626756435533,6
Rand.Uni.100.5.29.gexf,10,F,F
Rand.Uni.100.5.29.gexf,50,F,F
Rand.Uni.100.10.29.gexf,2,8.959084433465677,1
Rand.Uni.100.10.29.gexf,3,8.959084433465677,1
Rand.Uni.100.10.29.gexf,5,8.959084433465677,1
Rand.Uni.100.10.29.gexf,10,8.453704593756683,5
Rand.Uni.100.10.29.gexf,50,F,F
Rand.Uni.100.25.29.gexf,2,18.85943575298147,1
Rand.Uni.100.25.29.gexf,3,18.85943575298147,1
Rand.Uni.100.25.29.gexf,5,18.85943575298147,1
Rand.Uni.100.25.29.gexf,10,18.85943575298147,1
Rand.Uni.100.25.29.gexf,50,F,F
Rand.Uni.500.5.29.gexf,2,1.4182583534545414,3
Rand.Uni.500.5.29.gexf,3,0.42370598686929384,4
Rand.Uni.500.5.29.gexf,5,F,F
Rand.Uni.500.5.29.gexf,10,F,F
Rand.Uni.500.5.29.gexf,50,F,F
Rand.Uni.500.10.29.gexf,2,6.135034088492605,2
Rand.Uni.500.10.29.gexf,3,6.135034088492605,1
Rand.Uni.500.10.29.gexf,5,6.135034088492605,3
Rand.Uni.500.10.29.gexf,10,3.3794113842407727,8
Rand.Uni.500.10.29.gexf,50,F,F
Rand.Uni.500.25.29.gexf,2,25.590737911117262,2
Rand.Uni.500.25.29.gexf,3,25.590737911117262,1
Rand.Uni.500.25.29.gexf,5,25.590737911117262,3
Rand.Uni.500.25.29.gexf,10,25.590737911117262,1
Rand.Uni.500.25.29.gexf,50,0.7818538351970945,51
Rand.Uni.50.5.30.gexf,2,4.820874470434266,1
Rand.Uni.50.5.30.gexf,3,4.820874470434266,1
Rand.Uni.50.5.30.gexf,5,4.42711159839118,4
Rand.Uni.50.5.30.gexf,10,1.0736229603988363,11
Rand.Uni.50.5.30.gexf,50,F,F
Rand.Uni.50.10.30.gexf,2,6.501659317819741,1
Rand.Uni.50.10.30.gexf,3,6.501659317819741,1
Rand.Uni.50.10.30.gexf,5,6.501659317819741,1
Rand.Uni.50.10.30.gexf,10,4.215436684214826,8
Rand.Uni.50.10.30.gexf,50,F,F
Rand.Uni.50.25.30.gexf,2,15.170972573693586,1
Rand.Uni.50.25.30.gexf,3,15.170972573693586,1
Rand.Uni.50.25.30.gexf,5,15.170972573693586,1
Rand.Uni.50.25.30.gexf,10,15.170972573693586,2
Rand.Uni.50.25.30.gexf,50,F,F
Rand.Uni.100.5.30.gexf,2,4.186955464563789,1
Rand.Uni.100.5.30.gexf,3,4.186955464563789,1
Rand.Uni.100.5.30.gexf,5,3.1467951760415485,5
Rand.Uni.100.5.30.gexf,10,F,F
Rand.Uni.100.5.30.gexf,50,F,F
Rand.Uni.100.10.30.gexf,2,8.483900781523852,1
Rand.Uni.100.10.30.gexf,3,8.483900781523852,1
Rand.Uni.100.10.30.gexf,5,8.483900781523852,1
Rand.Uni.100.10.30.gexf,10,8.096888744245804,5
Rand.Uni.100.10.30.gexf,50,F,F
Rand.Uni.100.25.30.gexf,2,19.57531143113051,1
Rand.Uni.100.25.30.gexf,3,19.57531143113051,1
Rand.Uni.100.25.30.gexf,5,19.57531143113051,1
Rand.Uni.100.25.30.gexf,10,19.57531143113051,1
Rand.Uni.100.25.30.gexf,50,F,F
Rand.Uni.500.5.30.gexf,2,5.155864298181981,1
Rand.Uni.500.5.30.gexf,3,5.155864298181981,1
Rand.Uni.500.5.30.gexf,5,5.10312578650203,2
Rand.Uni.500.5.30.gexf,10,0.19495260075505905,11
Rand.Uni.500.5.30.gexf,50,F,F
Rand.Uni.500.10.30.gexf,2,7.668301289712872,1
Rand.Uni.500.10.30.gexf,3,7.668301289712872,1
Rand.Uni.500.10.30.gexf,5,7.668301289712872,1
Rand.Uni.500.10.30.gexf,10,6.502778665965864,7
Rand.Uni.500.10.30.gexf,50,F,F
Rand.Uni.500.25.30.gexf,2,24.345733027967064,1
Rand.Uni.500.25.30.gexf,3,24.345733027967064,1
Rand.Uni.500.25.30.gexf,5,24.345733027967064,1
Rand.Uni.500.25.30.gexf,10,24.345733027967064,1
Rand.Uni.500.25.30.gexf,50,F,F
Rand.Uni.50.5.31.gexf,2,4.066310964495117,1
Rand.Uni.50.5.31.gexf,3,4.066310964495117,1
Rand.Uni.50.5.31.gexf,5,3.92870662928145,3
Rand.Uni.50.5.31.gexf,10,F,F
Rand.Uni.50.5.31.gexf,50,F,F
Rand.Uni.50.10.31.gexf,2,9.71877523807729,1
Rand.Uni.50.10.31.gexf,3,9.71877523807729,1
Rand.Uni.50.10.31.gexf,5,9.71877523807729,1
Rand.Uni.50.10.31.gexf,10,9.664616718214766,3
Rand.Uni.50.10.31.gexf,50,F,F
Rand.Uni.50.25.31.gexf,2,16.30913421312642,1
Rand.Uni.50.25.31.gexf,3,16.30913421312642,1
Rand.Uni.50.25.31.gexf,5,16.30913421312642,1
Rand.Uni.50.25.31.gexf,10,16.30913421312642,1
Rand.Uni.50.25.31.gexf,50,F,F
Rand.Uni.100.5.31.gexf,2,4.238008710273285,1
Rand.Uni.100.5.31.gexf,3,4.238008710273285,1
Rand.Uni.100.5.31.gexf,5,3.0436318262816355,6
Rand.Uni.100.5.31.gexf,10,F,F
Rand.Uni.100.5.31.gexf,50,F,F
Rand.Uni.100.10.31.gexf,2,8.731700418532377,1
Rand.Uni.100.10.31.gexf,3,8.731700418532377,1
Rand.Uni.100.10.31.gexf,5,8.731700418532377,1
Rand.Uni.100.10.31.gexf,10,8.443782430880326,5
Rand.Uni.100.10.31.gexf,50,F,F
Rand.Uni.100.25.31.gexf,2,21.99885259470012,1
Rand.Uni.100.25.31.gexf,3,21.99885259470012,1
Rand.Uni.100.25.31.gexf,5,21.99885259470012,1
Rand.Uni.100.25.31.gexf,10,21.99885259470012,1
Rand.Uni.100.25.31.gexf,50,F,F
Rand.Uni.500.5.31.gexf,2,4.742074214679708,1
Rand.Uni.500.5.31.gexf,3,4.742074214679708,1
Rand.Uni.500.5.31.gexf,5,3.9730576580625394,6
Rand.Uni.500.5.31.gexf,10,F,F
Rand.Uni.500.5.31.gexf,50,F,F
Rand.Uni.500.10.31.gexf,2,7.6755684483875095,2
Rand.Uni.500.10.31.gexf,3,7.6755684483875095,1
Rand.Uni.500.10.31.gexf,5,7.6755684483875095,3
Rand.Uni.500.10.31.gexf,10,6.605315314299111,8
Rand.Uni.500.10.31.gexf,50,F,F
Rand.Uni.500.25.31.gexf,2,24.5362882953488,1
Rand.Uni.500.25.31.gexf,3,24.5362882953488,1
Rand.Uni.500.25.31.gexf,5,24.5362882953488,1
Rand.Uni.500.25.31.gexf,10,24.5362882953488,2
Rand.Uni.500.25.31.gexf,50,0.29298848212851414,51
Rand.Uni.50.5.32.gexf,2,5.195280479584836,1
Rand.Uni.50.5.32.gexf,3,5.195280479584836,1
Rand.Uni.50.5.32.gexf,5,5.106915224603792,2
Rand.Uni.50.5.32.gexf,10,1.5404187970181589,11
Rand.Uni.50.5.32.gexf,50,F,F
Rand.Uni.50.10.32.gexf,2,8.46439289623637,1
Rand.Uni.50.10.32.gexf,3,8.46439289623637,1
Rand.Uni.50.10.32.gexf,5,8.46439289623637,1
Rand.Uni.50.10.32.gexf,10,8.067158104673505,5
Rand.Uni.50.10.32.gexf,50,F,F
Rand.Uni.50.25.32.gexf,2,15.421970938561012,2
Rand.Uni.50.25.32.gexf,3,15.421970938561012,1
Rand.Uni.50.25.32.gexf,5,15.421970938561012,3
Rand.Uni.50.25.32.gexf,10,15.421970938561012,1
Rand.Uni.50.25.32.gexf,50,F,F
Rand.Uni.100.5.32.gexf,2,3.6842513634130407,1
Rand.Uni.100.5.32.gexf,3,3.6842513634130407,1
Rand.Uni.100.5.32.gexf,5,1.848866347133812-BREAK,6
Rand.Uni.100.5.32.gexf,10,F,F
Rand.Uni.100.5.32.gexf,50,F,F
Rand.Uni.100.10.32.gexf,2,8.89618134423976,1
Rand.Uni.100.10.32.gexf,3,8.89618134423976,1
Rand.Uni.100.10.32.gexf,5,8.89618134423976,1
Rand.Uni.100.10.32.gexf,10,8.88825096708879,3
Rand.Uni.100.10.32.gexf,50,F,F
Rand.Uni.100.25.32.gexf,2,20.845973507746592,1
Rand.Uni.100.25.32.gexf,3,20.845973507746592,1
Rand.Uni.100.25.32.gexf,5,20.845973507746592,1
Rand.Uni.100.25.32.gexf,10,20.845973507746592,1
Rand.Uni.100.25.32.gexf,50,F,F
Rand.Uni.500.5.32.gexf,2,3.9558520968275492,1
Rand.Uni.500.5.32.gexf,3,3.9464043356214464,2
Rand.Uni.500.5.32.gexf,5,1.640902090376461,6
Rand.Uni.500.5.32.gexf,10,F,F
Rand.Uni.500.5.32.gexf,50,F,F
Rand.Uni.500.10.32.gexf,2,5.004421931283373,1
Rand.Uni.500.10.32.gexf,3,5.004421931283373,1
Rand.Uni.500.10.32.gexf,5,5.004421931283373,1
Rand.Uni.500.10.32.gexf,10,1.7211834453683434,11
Rand.Uni.500.10.32.gexf,50,F,F
Rand.Uni.500.25.32.gexf,2,24.642368484448674,1
Rand.Uni.500.25.32.gexf,3,24.642368484448674,1
Rand.Uni.500.25.32.gexf,5,24.642368484448674,1
Rand.Uni.500.25.32.gexf,10,24.642368484448674,1
Rand.Uni.500.25.32.gexf,50,F,F
Rand.Uni.50.5.33.gexf,2,3.468353429004317,1
Rand.Uni.50.5.33.gexf,3,3.343498388069939,2
Rand.Uni.50.5.33.gexf,5,1.7900903673211728,6
Rand.Uni.50.5.33.gexf,10,F,F
Rand.Uni.50.5.33.gexf,50,F,F
Rand.Uni.50.10.33.gexf,2,8.91470990793964,1
Rand.Uni.50.10.33.gexf,3,8.91470990793964,1
Rand.Uni.50.10.33.gexf,5,8.91470990793964,1
Rand.Uni.50.10.33.gexf,10,8.693370301202016,5
Rand.Uni.50.10.33.gexf,50,F,F
Rand.Uni.50.25.33.gexf,2,16.212274162997517,1
Rand.Uni.50.25.33.gexf,3,16.212274162997517,1
Rand.Uni.50.25.33.gexf,5,16.212274162997517,1
Rand.Uni.50.25.33.gexf,10,16.212274162997517,1
Rand.Uni.50.25.33.gexf,50,F,F
Rand.Uni.100.5.33.gexf,2,3.8418100538539868,1
Rand.Uni.100.5.33.gexf,3,3.8418100538539868,1
Rand.Uni.100.5.33.gexf,5,1.749664294963944,6
Rand.Uni.100.5.33.gexf,10,F,F
Rand.Uni.100.5.33.gexf,50,F,F
Rand.Uni.100.10.33.gexf,2,12.24965946730964,1
Rand.Uni.100.10.33.gexf,3,12.24965946730964,1
Rand.Uni.100.10.33.gexf,5,12.24965946730964,1
Rand.Uni.100.10.33.gexf,10,12.24965946730964,1
Rand.Uni.100.10.33.gexf,50,F,F
Rand.Uni.100.25.33.gexf,2,23.113150154254967,1
Rand.Uni.100.25.33.gexf,3,23.113150154254967,1
Rand.Uni.100.25.33.gexf,5,23.113150154254967,1
Rand.Uni.100.25.33.gexf,10,23.113150154254967,1
Rand.Uni.100.25.33.gexf,50,F,F
Rand.Uni.500.5.33.gexf,2,2.987400410800646,1
Rand.Uni.500.5.33.gexf,3,2.6983906094378893,2
Rand.Uni.500.5.33.gexf,5,1.1383214861472806,6
Rand.Uni.500.5.33.gexf,10,F,F
Rand.Uni.500.5.33.gexf,50,F,F
Rand.Uni.500.10.33.gexf,2,8.0612142429787,1
Rand.Uni.500.10.33.gexf,3,8.0612142429787,1
Rand.Uni.500.10.33.gexf,5,8.0612142429787,1
Rand.Uni.500.10.33.gexf,10,5.7569247837909625,11
Rand.Uni.500.10.33.gexf,50,F,F
Rand.Uni.500.25.33.gexf,2,21.590651222401945,1
Rand.Uni.500.25.33.gexf,3,21.590651222401945,1
Rand.Uni.500.25.33.gexf,5,21.590651222401945,1
Rand.Uni.500.25.33.gexf,10,21.590651222401945,1
Rand.Uni.500.25.33.gexf,50,F,F
Rand.Uni.50.5.34.gexf,2,3.8741338906074305,2
Rand.Uni.50.5.34.gexf,3,3.8741338906074305,1
Rand.Uni.50.5.34.gexf,5,3.517554768215188,5
Rand.Uni.50.5.34.gexf,10,F,F
Rand.Uni.50.5.34.gexf,50,F,F
Rand.Uni.50.10.34.gexf,2,9.621246971833196,1
Rand.Uni.50.10.34.gexf,3,9.621246971833196,1
Rand.Uni.50.10.34.gexf,5,9.621246971833196,1
Rand.Uni.50.10.34.gexf,10,9.590347336051936,3
Rand.Uni.50.10.34.gexf,50,F,F
Rand.Uni.50.25.34.gexf,2,17.49051903578424,1
Rand.Uni.50.25.34.gexf,3,17.49051903578424,1
Rand.Uni.50.25.34.gexf,5,17.49051903578424,1
Rand.Uni.50.25.34.gexf,10,17.49051903578424,1
Rand.Uni.50.25.34.gexf,50,F,F
Rand.Uni.100.5.34.gexf,2,3.083489503824848,2
Rand.Uni.100.5.34.gexf,3,2.607689380364572,3
Rand.Uni.100.5.34.gexf,5,1.288584570158284-BREAK,6
Rand.Uni.100.5.34.gexf,10,F,F
Rand.Uni.100.5.34.gexf,50,F,F
Rand.Uni.100.10.34.gexf,2,9.12841871125665,1
Rand.Uni.100.10.34.gexf,3,9.12841871125665,1
Rand.Uni.100.10.34.gexf,5,9.12841871125665,1
Rand.Uni.100.10.34.gexf,10,8.631429758811734,6
Rand.Uni.100.10.34.gexf,50,F,F
Rand.Uni.100.25.34.gexf,2,15.295302253215333,1
Rand.Uni.100.25.34.gexf,3,15.295302253215333,1
Rand.Uni.100.25.34.gexf,5,15.295302253215333,1
Rand.Uni.100.25.34.gexf,10,15.295302253215333,2
Rand.Uni.100.25.34.gexf,50,F,F
Rand.Uni.500.5.34.gexf,2,2.556290464886617,1
Rand.Uni.500.5.34.gexf,3,2.0747457833508274,3
Rand.Uni.500.5.34.gexf,5,0.4361979841606285,6
Rand.Uni.500.5.34.gexf,10,F,F
Rand.Uni.500.5.34.gexf,50,F,F
Rand.Uni.500.10.34.gexf,2,10.46009295795882,1
Rand.Uni.500.10.34.gexf,3,10.46009295795882,1
Rand.Uni.500.10.34.gexf,5,10.46009295795882,1
Rand.Uni.500.10.34.gexf,10,10.460092957958821,1
Rand.Uni.500.10.34.gexf,50,F,F
Rand.Uni.500.25.34.gexf,2,22.098405542939584,1
Rand.Uni.500.25.34.gexf,3,22.098405542939584,1
Rand.Uni.500.25.34.gexf,5,22.098405542939584,1
Rand.Uni.500.25.34.gexf,10,22.098405542939584,1
Rand.Uni.500.25.34.gexf,50,F,F
Rand.Uni.50.5.35.gexf,2,5.413702877021471,1
Rand.Uni.50.5.35.gexf,3,5.413702877021471,1
Rand.Uni.50.5.35.gexf,5,5.413702877021471,1
Rand.Uni.50.5.35.gexf,10,2.831197533694625,9
Rand.Uni.50.5.35.gexf,50,F,F
Rand.Uni.50.10.35.gexf,2,7.2748083273685,1
Rand.Uni.50.10.35.gexf,3,7.2748083273685,1
Rand.Uni.50.10.35.gexf,5,7.2748083273685,1
Rand.Uni.50.10.35.gexf,10,6.144669397934137,5
Rand.Uni.50.10.35.gexf,50,F,F
Rand.Uni.50.25.35.gexf,2,15.911842807777838,1
Rand.Uni.50.25.35.gexf,3,15.911842807777838,1
Rand.Uni.50.25.35.gexf,5,15.911842807777838,1
Rand.Uni.50.25.35.gexf,10,15.911842807777838,1
Rand.Uni.50.25.35.gexf,50,F,F
Rand.Uni.100.5.35.gexf,2,2.405738597284609,2
Rand.Uni.100.5.35.gexf,3,1.7121715766126648,3
Rand.Uni.100.5.35.gexf,5,0.31694332635410616,6
Rand.Uni.100.5.35.gexf,10,F,F
Rand.Uni.100.5.35.gexf,50,F,F
Rand.Uni.100.10.35.gexf,2,11.136718165798968,1
Rand.Uni.100.10.35.gexf,3,11.136718165798968,1
Rand.Uni.100.10.35.gexf,5,11.136718165798968,1
Rand.Uni.100.10.35.gexf,10,11.136718165798968,1
Rand.Uni.100.10.35.gexf,50,F,F
Rand.Uni.100.25.35.gexf,2,21.805351525604674,1
Rand.Uni.100.25.35.gexf,3,21.805351525604674,1
Rand.Uni.100.25.35.gexf,5,21.805351525604674,1
Rand.Uni.100.25.35.gexf,10,21.805351525604674,1
Rand.Uni.100.25.35.gexf,50,F,F
Rand.Uni.500.5.35.gexf,2,3.351216047500188,1
Rand.Uni.500.5.35.gexf,3,3.2423027155995165,2
Rand.Uni.500.5.35.gexf,5,1.5876425575804753,6
Rand.Uni.500.5.35.gexf,10,F,F
Rand.Uni.500.5.35.gexf,50,F,F
Rand.Uni.500.10.35.gexf,2,11.169230624680498,1
Rand.Uni.500.10.35.gexf,3,11.169230624680498,1
Rand.Uni.500.10.35.gexf,5,11.169230624680498,1
Rand.Uni.500.10.35.gexf,10,11.169230624680498,1
Rand.Uni.500.10.35.gexf,50,F,F
Rand.Uni.500.25.35.gexf,2,21.086245389395636,1
Rand.Uni.500.25.35.gexf,3,21.086245389395636,1
Rand.Uni.500.25.35.gexf,5,21.086245389395636,1
Rand.Uni.500.25.35.gexf,10,21.086245389395636,1
Rand.Uni.500.25.35.gexf,50,F,F
Rand.Uni.50.5.36.gexf,2,4.736228749761781,1
Rand.Uni.50.5.36.gexf,3,4.736228749761781,1
Rand.Uni.50.5.36.gexf,5,4.3029611454730405,4
Rand.Uni.50.5.36.gexf,10,F,F
Rand.Uni.50.5.36.gexf,50,F,F
Rand.Uni.50.10.36.gexf,2,10.173818575681594,1
Rand.Uni.50.10.36.gexf,3,10.173818575681594,1
Rand.Uni.50.10.36.gexf,5,10.173818575681594,1
Rand.Uni.50.10.36.gexf,10,10.143668851253178,4
Rand.Uni.50.10.36.gexf,50,F,F
Rand.Uni.50.25.36.gexf,2,19.710171001726934,1
Rand.Uni.50.25.36.gexf,3,19.710171001726934,1
Rand.Uni.50.25.36.gexf,5,19.710171001726934,1
Rand.Uni.50.25.36.gexf,10,19.710171001726934,1
Rand.Uni.50.25.36.gexf,50,F,F
Rand.Uni.100.5.36.gexf,2,7.070094617024516,1
Rand.Uni.100.5.36.gexf,3,7.070094617024516,1
Rand.Uni.100.5.36.gexf,5,7.070094617024516,1
Rand.Uni.100.5.36.gexf,10,1.161798353826653,11
Rand.Uni.100.5.36.gexf,50,F,F
Rand.Uni.100.10.36.gexf,2,8.86628622410252,1
Rand.Uni.100.10.36.gexf,3,8.86628622410252,1
Rand.Uni.100.10.36.gexf,5,8.86628622410252,1
Rand.Uni.100.10.36.gexf,10,8.490501015434809,4
Rand.Uni.100.10.36.gexf,50,F,F
Rand.Uni.100.25.36.gexf,2,24.20444605085976,1
Rand.Uni.100.25.36.gexf,3,24.20444605085976,1
Rand.Uni.100.25.36.gexf,5,24.20444605085976,1
Rand.Uni.100.25.36.gexf,10,24.20444605085976,1
Rand.Uni.100.25.36.gexf,50,F,F
Rand.Uni.500.5.36.gexf,2,3.590376088300817,1
Rand.Uni.500.5.36.gexf,3,3.5813387649052015,2
Rand.Uni.500.5.36.gexf,5,2.918717614485235,4
Rand.Uni.500.5.36.gexf,10,F,F
Rand.Uni.500.5.36.gexf,50,F,F
Rand.Uni.500.10.36.gexf,2,10.154619813938812,1
Rand.Uni.500.10.36.gexf,3,10.154619813938812,1
Rand.Uni.500.10.36.gexf,5,10.154619813938812,1
Rand.Uni.500.10.36.gexf,10,10.058530846236977,4
Rand.Uni.500.10.36.gexf,50,F,F
Rand.Uni.500.25.36.gexf,2,27.81971051497903,1
Rand.Uni.500.25.36.gexf,3,27.81971051497903,1
Rand.Uni.500.25.36.gexf,5,27.81971051497903,1
Rand.Uni.500.25.36.gexf,10,27.81971051497903,1
Rand.Uni.500.25.36.gexf,50,6.176763219520289,50
Rand.Uni.50.5.37.gexf,2,3.2237132969603963,1
Rand.Uni.50.5.37.gexf,3,2.9148517033964523-BREAK,4
Rand.Uni.50.5.37.gexf,5,0.6492416282171705,6
Rand.Uni.50.5.37.gexf,10,F,F
Rand.Uni.50.5.37.gexf,50,F,F
Rand.Uni.50.10.37.gexf,2,6.718090555998319,1
Rand.Uni.50.10.37.gexf,3,6.718090555998319,1
Rand.Uni.50.10.37.gexf,5,6.718090555998319,1
Rand.Uni.50.10.37.gexf,10,4.094011046339952,9
Rand.Uni.50.10.37.gexf,50,F,F
Rand.Uni.50.25.37.gexf,2,18.913878122204224,1
Rand.Uni.50.25.37.gexf,3,18.913878122204224,1
Rand.Uni.50.25.37.gexf,5,18.913878122204224,1
Rand.Uni.50.25.37.gexf,10,18.913878122204224,1
Rand.Uni.50.25.37.gexf,50,F,F
Rand.Uni.100.5.37.gexf,2,5.410520489932772,1
Rand.Uni.100.5.37.gexf,3,5.410520489932772,1
Rand.Uni.100.5.37.gexf,5,5.410520489932772,1
Rand.Uni.100.5.37.gexf,10,F,F
Rand.Uni.100.5.37.gexf,50,F,F
Rand.Uni.100.10.37.gexf,2,9.764687098616793,1
Rand.Uni.100.10.37.gexf,3,9.764687098616793,1
Rand.Uni.100.10.37.gexf,5,9.764687098616793,1
Rand.Uni.100.10.37.gexf,10,9.71320664767619,2
Rand.Uni.100.10.37.gexf,50,F,F
Rand.Uni.100.25.37.gexf,2,22.063848470594404,1
Rand.Uni.100.25.37.gexf,3,22.063848470594404,1
Rand.Uni.100.25.37.gexf,5,22.063848470594404,1
Rand.Uni.100.25.37.gexf,10,22.063848470594404,1
Rand.Uni.100.25.37.gexf,50,F,F
Rand.Uni.500.5.37.gexf,2,4.457334888923238,1
Rand.Uni.500.5.37.gexf,3,4.457334888923238,1
Rand.Uni.500.5.37.gexf,5,2.7909768422265926,6
Rand.Uni.500.5.37.gexf,10,F,F
Rand.Uni.500.5.37.gexf,50,F,F
Rand.Uni.500.10.37.gexf,2,9.542046211583337,1
Rand.Uni.500.10.37.gexf,3,9.542046211583337,1
Rand.Uni.500.10.37.gexf,5,9.542046211583337,1
Rand.Uni.500.10.37.gexf,10,9.381555339841423,3
Rand.Uni.500.10.37.gexf,50,F,F
Rand.Uni.500.25.37.gexf,2,24.026383718461734,2
Rand.Uni.500.25.37.gexf,3,24.026383718461734,1
Rand.Uni.500.25.37.gexf,5,24.026383718461734,3
Rand.Uni.500.25.37.gexf,10,24.026383718461734,2
Rand.Uni.500.25.37.gexf,50,F,F
Rand.Uni.50.5.38.gexf,2,4.29907045897411,1
Rand.Uni.50.5.38.gexf,3,4.29907045897411,1
Rand.Uni.50.5.38.gexf,5,2.98781646740205,6
Rand.Uni.50.5.38.gexf,10,F,F
Rand.Uni.50.5.38.gexf,50,F,F
Rand.Uni.50.10.38.gexf,2,6.95839168425352,1
Rand.Uni.50.10.38.gexf,3,6.95839168425352,1
Rand.Uni.50.10.38.gexf,5,6.95839168425352,1
Rand.Uni.50.10.38.gexf,10,5.2660683709711815,8
Rand.Uni.50.10.38.gexf,50,F,F
Rand.Uni.50.25.38.gexf,2,18.37808973000368,1
Rand.Uni.50.25.38.gexf,3,18.37808973000368,1
Rand.Uni.50.25.38.gexf,5,18.37808973000368,1
Rand.Uni.50.25.38.gexf,10,18.37808973000368,1
Rand.Uni.50.25.38.gexf,50,F,F
Rand.Uni.100.5.38.gexf,2,4.022944380754231,1
Rand.Uni.100.5.38.gexf,3,4.022944380754231,1
Rand.Uni.100.5.38.gexf,5,2.5453884474296284,6
Rand.Uni.100.5.38.gexf,10,F,F
Rand.Uni.100.5.38.gexf,50,F,F
Rand.Uni.100.10.38.gexf,2,9.911783218271314,1
Rand.Uni.100.10.38.gexf,3,9.911783218271314,1
Rand.Uni.100.10.38.gexf,5,9.911783218271314,1
Rand.Uni.100.10.38.gexf,10,9.821108160591884,2
Rand.Uni.100.10.38.gexf,50,F,F
Rand.Uni.100.25.38.gexf,2,20.328347417696726,1
Rand.Uni.100.25.38.gexf,3,20.328347417696726,1
Rand.Uni.100.25.38.gexf,5,20.328347417696726,1
Rand.Uni.100.25.38.gexf,10,20.328347417696726,1
Rand.Uni.100.25.38.gexf,50,F,F
Rand.Uni.500.5.38.gexf,2,F,F
Rand.Uni.500.5.38.gexf,3,F,F
Rand.Uni.500.5.38.gexf,5,F,F
Rand.Uni.500.5.38.gexf,10,F,F
Rand.Uni.500.5.38.gexf,50,F,F
Rand.Uni.500.10.38.gexf,2,9.220305743369286,1
Rand.Uni.500.10.38.gexf,3,9.220305743369286,1
Rand.Uni.500.10.38.gexf,5,9.220305743369286,1
Rand.Uni.500.10.38.gexf,10,9.07775060435277,2
Rand.Uni.500.10.38.gexf,50,F,F
Rand.Uni.500.25.38.gexf,2,21.016696312405884,1
Rand.Uni.500.25.38.gexf,3,21.016696312405884,1
Rand.Uni.500.25.38.gexf,5,21.016696312405884,1
Rand.Uni.500.25.38.gexf,10,21.016696312405884,1
Rand.Uni.500.25.38.gexf,50,F,F
Rand.Uni.50.5.39.gexf,2,3.8562284468162007,1
Rand.Uni.50.5.39.gexf,3,3.8562284468162007,1
Rand.Uni.50.5.39.gexf,5,3.116889076633145,5
Rand.Uni.50.5.39.gexf,10,F,F
Rand.Uni.50.5.39.gexf,50,F,F
Rand.Uni.50.10.39.gexf,2,5.577066055683339,1
Rand.Uni.50.10.39.gexf,3,5.577066055683339,1
Rand.Uni.50.10.39.gexf,5,5.577066055683339,1
Rand.Uni.50.10.39.gexf,10,4.064125458809279,8
Rand.Uni.50.10.39.gexf,50,F,F
Rand.Uni.50.25.39.gexf,2,17.63249566182497,1
Rand.Uni.50.25.39.gexf,3,17.63249566182497,1
Rand.Uni.50.25.39.gexf,5,17.63249566182497,1
Rand.Uni.50.25.39.gexf,10,17.63249566182497,1
Rand.Uni.50.25.39.gexf,50,F,F
Rand.Uni.100.5.39.gexf,2,4.29591322893782,1
Rand.Uni.100.5.39.gexf,3,4.29591322893782,1
Rand.Uni.100.5.39.gexf,5,4.0772266684171266,4
Rand.Uni.100.5.39.gexf,10,0.6042749529830264,11
Rand.Uni.100.5.39.gexf,50,F,F
Rand.Uni.100.10.39.gexf,2,9.704220679414123,1
Rand.Uni.100.10.39.gexf,3,9.704220679414123,1
Rand.Uni.100.10.39.gexf,5,9.704220679414123,1
Rand.Uni.100.10.39.gexf,10,9.48258151144281,4
Rand.Uni.100.10.39.gexf,50,F,F
Rand.Uni.100.25.39.gexf,2,23.30547326364296,1
Rand.Uni.100.25.39.gexf,3,23.30547326364296,1
Rand.Uni.100.25.39.gexf,5,23.30547326364296,1
Rand.Uni.100.25.39.gexf,10,23.30547326364296,1
Rand.Uni.100.25.39.gexf,50,F,F
Rand.Uni.500.5.39.gexf,2,2.390498422311079,2
Rand.Uni.500.5.39.gexf,3,2.1248874864987366,2
Rand.Uni.500.5.39.gexf,5,1.912398737848863,2
Rand.Uni.500.5.39.gexf,10,F,F
Rand.Uni.500.5.39.gexf,50,F,F
Rand.Uni.500.10.39.gexf,2,9.77247386829531,1
Rand.Uni.500.10.39.gexf,3,9.77247386829531,1
Rand.Uni.500.10.39.gexf,5,9.77247386829531,1
Rand.Uni.500.10.39.gexf,10,9.77247386829531,1
Rand.Uni.500.10.39.gexf,50,F,F
Rand.Uni.500.25.39.gexf,2,21.42140653757818,1
Rand.Uni.500.25.39.gexf,3,21.42140653757818,1
Rand.Uni.500.25.39.gexf,5,21.42140653757818,1
Rand.Uni.500.25.39.gexf,10,21.42140653757818,1
Rand.Uni.500.25.39.gexf,50,F,F
Rand.Uni.50.5.40.gexf,2,5.122913856638442,1
Rand.Uni.50.5.40.gexf,3,5.122913856638442,1
Rand.Uni.50.5.40.gexf,5,5.122913856638443,1
Rand.Uni.50.5.40.gexf,10,F,F
Rand.Uni.50.5.40.gexf,50,F,F
Rand.Uni.50.10.40.gexf,2,7.271120239091265,1
Rand.Uni.50.10.40.gexf,3,7.271120239091265,1
Rand.Uni.50.10.40.gexf,5,7.271120239091265,1
Rand.Uni.50.10.40.gexf,10,5.967391006392691,6
Rand.Uni.50.10.40.gexf,50,F,F
Rand.Uni.50.25.40.gexf,2,15.12396931060949,1
Rand.Uni.50.25.40.gexf,3,15.12396931060949,1
Rand.Uni.50.25.40.gexf,5,15.12396931060949,1
Rand.Uni.50.25.40.gexf,10,15.12396931060949,1
Rand.Uni.50.25.40.gexf,50,F,F
Rand.Uni.100.5.40.gexf,2,3.7404214788509536,1
Rand.Uni.100.5.40.gexf,3,3.7241389955677078,2
Rand.Uni.100.5.40.gexf,5,2.2004872578811305,5
Rand.Uni.100.5.40.gexf,10,F,F
Rand.Uni.100.5.40.gexf,50,F,F
Rand.Uni.100.10.40.gexf,2,5.872933619173276,1
Rand.Uni.100.10.40.gexf,3,5.872933619173276,1
Rand.Uni.100.10.40.gexf,5,5.872933619173276,1
Rand.Uni.100.10.40.gexf,10,2.2158242153267826,9
Rand.Uni.100.10.40.gexf,50,F,F
Rand.Uni.100.25.40.gexf,2,17.58947177571313,1
Rand.Uni.100.25.40.gexf,3,17.58947177571313,1
Rand.Uni.100.25.40.gexf,5,17.58947177571313,1
Rand.Uni.100.25.40.gexf,10,17.58947177571313,1
Rand.Uni.100.25.40.gexf,50,F,F
Rand.Uni.500.5.40.gexf,2,4.71352843003165,1
Rand.Uni.500.5.40.gexf,3,4.71352843003165,1
Rand.Uni.500.5.40.gexf,5,4.527558566701205,3
Rand.Uni.500.5.40.gexf,10,F,F
Rand.Uni.500.5.40.gexf,50,F,F
Rand.Uni.500.10.40.gexf,2,7.503479051584941,1
Rand.Uni.500.10.40.gexf,3,7.503479051584941,1
Rand.Uni.500.10.40.gexf,5,7.503479051584941,1
Rand.Uni.500.10.40.gexf,10,5.594134314316525,9
Rand.Uni.500.10.40.gexf,50,F,F
Rand.Uni.500.25.40.gexf,2,26.98503631825528,2
Rand.Uni.500.25.40.gexf,3,26.98503631825528,1
Rand.Uni.500.25.40.gexf,5,26.98503631825528,3
Rand.Uni.500.25.40.gexf,10,26.98503631825528,2
Rand.Uni.500.25.40.gexf,50,F,F
Rand.Uni.50.5.41.gexf,2,4.053452688304061,1
Rand.Uni.50.5.41.gexf,3,4.053452688304061,1
Rand.Uni.50.5.41.gexf,5,3.952766525334328,4
Rand.Uni.50.5.41.gexf,10,F,F
Rand.Uni.50.5.41.gexf,50,F,F
Rand.Uni.50.10.41.gexf,2,8.114229842879439,1
Rand.Uni.50.10.41.gexf,3,8.114229842879439,1
Rand.Uni.50.10.41.gexf,5,8.114229842879439,1
Rand.Uni.50.10.41.gexf,10,7.137487163012095,9
Rand.Uni.50.10.41.gexf,50,F,F
Rand.Uni.50.25.41.gexf,2,19.176638658818455,1
Rand.Uni.50.25.41.gexf,3,19.176638658818455,1
Rand.Uni.50.25.41.gexf,5,19.176638658818455,1
Rand.Uni.50.25.41.gexf,10,19.176638658818455,1
Rand.Uni.50.25.41.gexf,50,F,F
Rand.Uni.100.5.41.gexf,2,2.3832733352918827,1
Rand.Uni.100.5.41.gexf,3,2.2287798261351597,2
Rand.Uni.100.5.41.gexf,5,0.7167293769612466,6
Rand.Uni.100.5.41.gexf,10,F,F
Rand.Uni.100.5.41.gexf,50,F,F
Rand.Uni.100.10.41.gexf,2,7.188138321138709,1
Rand.Uni.100.10.41.gexf,3,7.188138321138709,1
Rand.Uni.100.10.41.gexf,5,7.188138321138709,1
Rand.Uni.100.10.41.gexf,10,3.8786768119238273,11
Rand.Uni.100.10.41.gexf,50,F,F
Rand.Uni.100.25.41.gexf,2,20.96692043280127,1
Rand.Uni.100.25.41.gexf,3,20.96692043280127,1
Rand.Uni.100.25.41.gexf,5,20.96692043280127,1
Rand.Uni.100.25.41.gexf,10,20.96692043280127,1
Rand.Uni.100.25.41.gexf,50,F,F
Rand.Uni.500.5.41.gexf,2,2.4716837844306365,1
Rand.Uni.500.5.41.gexf,3,2.2987318148292473,3
Rand.Uni.500.5.41.gexf,5,0.7149425472495414,6
Rand.Uni.500.5.41.gexf,10,F,F
Rand.Uni.500.5.41.gexf,50,F,F
Rand.Uni.500.10.41.gexf,2,8.702097689622011,1
Rand.Uni.500.10.41.gexf,3,8.702097689622011,1
Rand.Uni.500.10.41.gexf,5,8.702097689622011,1
Rand.Uni.500.10.41.gexf,10,7.070706713261954,8
Rand.Uni.500.10.41.gexf,50,F,F
Rand.Uni.500.25.41.gexf,2,22.772590164236416,1
Rand.Uni.500.25.41.gexf,3,22.772590164236416,1
Rand.Uni.500.25.41.gexf,5,22.772590164236416,1
Rand.Uni.500.25.41.gexf,10,22.772590164236416,1
Rand.Uni.500.25.41.gexf,50,F,F
Rand.Uni.50.5.42.gexf,2,0.05972430819218555,3
Rand.Uni.50.5.42.gexf,3,F,F
Rand.Uni.50.5.42.gexf,5,F,F
Rand.Uni.50.5.42.gexf,10,F,F
Rand.Uni.50.5.42.gexf,50,F,F
Rand.Uni.50.10.42.gexf,2,9.289705342151432,1
Rand.Uni.50.10.42.gexf,3,9.289705342151432,1
Rand.Uni.50.10.42.gexf,5,9.289705342151432,1
Rand.Uni.50.10.42.gexf,10,9.232221642432302,2
Rand.Uni.50.10.42.gexf,50,F,F
Rand.Uni.50.25.42.gexf,2,18.46298054967505,1
Rand.Uni.50.25.42.gexf,3,18.46298054967505,1
Rand.Uni.50.25.42.gexf,5,18.46298054967505,1
Rand.Uni.50.25.42.gexf,10,18.46298054967505,1
Rand.Uni.50.25.42.gexf,50,F,F
Rand.Uni.100.5.42.gexf,2,6.340539121550449,1
Rand.Uni.100.5.42.gexf,3,6.340539121550449,1
Rand.Uni.100.5.42.gexf,5,6.340539121550449,1
Rand.Uni.100.5.42.gexf,10,2.213040764926305,11
Rand.Uni.100.5.42.gexf,50,F,F
Rand.Uni.100.10.42.gexf,2,10.076415024574652,1
Rand.Uni.100.10.42.gexf,3,10.076415024574652,1
Rand.Uni.100.10.42.gexf,5,10.076415024574652,1
Rand.Uni.100.10.42.gexf,10,9.982106063566835,4
Rand.Uni.100.10.42.gexf,50,F,F
Rand.Uni.100.25.42.gexf,2,20.809720216175887,1
Rand.Uni.100.25.42.gexf,3,20.809720216175887,1
Rand.Uni.100.25.42.gexf,5,20.809720216175887,1
Rand.Uni.100.25.42.gexf,10,20.809720216175887,1
Rand.Uni.100.25.42.gexf,50,F,F
Rand.Uni.500.5.42.gexf,2,3.5550320926995145,1
Rand.Uni.500.5.42.gexf,3,3.2154393504535643,3
Rand.Uni.500.5.42.gexf,5,0.4681129041202834,6
Rand.Uni.500.5.42.gexf,10,F,F
Rand.Uni.500.5.42.gexf,50,F,F
Rand.Uni.500.10.42.gexf,2,7.52762777909484,1
Rand.Uni.500.10.42.gexf,3,7.52762777909484,1
Rand.Uni.500.10.42.gexf,5,7.52762777909484,1
Rand.Uni.500.10.42.gexf,10,5.044511938045183,8
Rand.Uni.500.10.42.gexf,50,F,F
Rand.Uni.500.25.42.gexf,2,20.30183519851032,1
Rand.Uni.500.25.42.gexf,3,20.30183519851032,1
Rand.Uni.500.25.42.gexf,5,20.30183519851032,1
Rand.Uni.500.25.42.gexf,10,20.30183519851032,1
Rand.Uni.500.25.42.gexf,50,F,F
Rand.Uni.50.5.43.gexf,2,2.002451660269757,1
Rand.Uni.50.5.43.gexf,3,1.7494878847566977,3
Rand.Uni.50.5.43.gexf,5,0.8122705097599926,6
Rand.Uni.50.5.43.gexf,10,F,F
Rand.Uni.50.5.43.gexf,50,F,F
Rand.Uni.50.10.43.gexf,2,6.896057576902703,1
Rand.Uni.50.10.43.gexf,3,6.896057576902703,1
Rand.Uni.50.10.43.gexf,5,6.896057576902703,1
Rand.Uni.50.10.43.gexf,10,5.6619845598829635,7
Rand.Uni.50.10.43.gexf,50,F,F
Rand.Uni.50.25.43.gexf,2,19.29163311767758,1
Rand.Uni.50.25.43.gexf,3,19.29163311767758,1
Rand.Uni.50.25.43.gexf,5,19.29163311767758,1
Rand.Uni.50.25.43.gexf,10,19.29163311767758,1
Rand.Uni.50.25.43.gexf,50,F,F
Rand.Uni.100.5.43.gexf,2,5.0740544856333,1
Rand.Uni.100.5.43.gexf,3,5.0740544856333,1
Rand.Uni.100.5.43.gexf,5,4.798982273294714,4
Rand.Uni.100.5.43.gexf,10,F,F
Rand.Uni.100.5.43.gexf,50,F,F
Rand.Uni.100.10.43.gexf,2,5.456304200585425,1
Rand.Uni.100.10.43.gexf,3,5.456304200585425,1
Rand.Uni.100.10.43.gexf,5,5.456304200585425,1
Rand.Uni.100.10.43.gexf,10,4.706148357035218,8
Rand.Uni.100.10.43.gexf,50,F,F
Rand.Uni.100.25.43.gexf,2,23.667506174832432,1
Rand.Uni.100.25.43.gexf,3,23.667506174832432,1
Rand.Uni.100.25.43.gexf,5,23.667506174832432,1
Rand.Uni.100.25.43.gexf,10,23.667506174832432,1
Rand.Uni.100.25.43.gexf,50,F,F
Rand.Uni.500.5.43.gexf,2,5.791478580809526,1
Rand.Uni.500.5.43.gexf,3,5.791478580809526,1
Rand.Uni.500.5.43.gexf,5,5.791478580809526,1
Rand.Uni.500.5.43.gexf,10,2.4876199765770686,9
Rand.Uni.500.5.43.gexf,50,F,F
Rand.Uni.500.10.43.gexf,2,8.279527912109112,1
Rand.Uni.500.10.43.gexf,3,8.279527912109112,1
Rand.Uni.500.10.43.gexf,5,8.279527912109112,1
Rand.Uni.500.10.43.gexf,10,7.3528825477105855,7
Rand.Uni.500.10.43.gexf,50,F,F
Rand.Uni.500.25.43.gexf,2,23.951057917497383,1
Rand.Uni.500.25.43.gexf,3,23.951057917497383,1
Rand.Uni.500.25.43.gexf,5,23.951057917497383,1
Rand.Uni.500.25.43.gexf,10,23.951057917497383,2
Rand.Uni.500.25.43.gexf,50,F,F
Rand.Uni.50.5.44.gexf,2,2.9004218406835953,1
Rand.Uni.50.5.44.gexf,3,2.239039106679484,3
Rand.Uni.50.5.44.gexf,5,0.652329513230873,5
Rand.Uni.50.5.44.gexf,10,F,F
Rand.Uni.50.5.44.gexf,50,F,F
Rand.Uni.50.10.44.gexf,2,9.435379694755666,1
Rand.Uni.50.10.44.gexf,3,9.435379694755666,1
Rand.Uni.50.10.44.gexf,5,9.435379694755666,1
Rand.Uni.50.10.44.gexf,10,9.299032523960497,4
Rand.Uni.50.10.44.gexf,50,F,F
Rand.Uni.50.25.44.gexf,2,16.230684997812688,1
Rand.Uni.50.25.44.gexf,3,16.230684997812688,1
Rand.Uni.50.25.44.gexf,5,16.230684997812688,1
Rand.Uni.50.25.44.gexf,10,16.230684997812688,1
Rand.Uni.50.25.44.gexf,50,F,F
Rand.Uni.100.5.44.gexf,2,3.384314894772193,1
Rand.Uni.100.5.44.gexf,3,2.389227272591652-BREAK,4
Rand.Uni.100.5.44.gexf,5,F,F
Rand.Uni.100.5.44.gexf,10,F,F
Rand.Uni.100.5.44.gexf,50,F,F
Rand.Uni.100.10.44.gexf,2,8.086899027804417,1
Rand.Uni.100.10.44.gexf,3,8.086899027804417,1
Rand.Uni.100.10.44.gexf,5,8.086899027804417,1
Rand.Uni.100.10.44.gexf,10,7.366047039250217,6
Rand.Uni.100.10.44.gexf,50,F,F
Rand.Uni.100.25.44.gexf,2,19.90876279442822,1
Rand.Uni.100.25.44.gexf,3,19.90876279442822,1
Rand.Uni.100.25.44.gexf,5,19.90876279442822,1
Rand.Uni.100.25.44.gexf,10,19.90876279442822,1
Rand.Uni.100.25.44.gexf,50,F,F
Rand.Uni.500.5.44.gexf,2,4.664699563083328,1
Rand.Uni.500.5.44.gexf,3,4.664699563083328,1
Rand.Uni.500.5.44.gexf,5,4.608633159667573,2
Rand.Uni.500.5.44.gexf,10,F,F
Rand.Uni.500.5.44.gexf,50,F,F
Rand.Uni.500.10.44.gexf,2,7.8057156433978045,1
Rand.Uni.500.10.44.gexf,3,7.8057156433978045,1
Rand.Uni.500.10.44.gexf,5,7.8057156433978045,1
Rand.Uni.500.10.44.gexf,10,6.166517469559467,9
Rand.Uni.500.10.44.gexf,50,F,F
Rand.Uni.500.25.44.gexf,2,26.566335378099247,1
Rand.Uni.500.25.44.gexf,3,26.566335378099247,1
Rand.Uni.500.25.44.gexf,5,26.566335378099247,1
Rand.Uni.500.25.44.gexf,10,26.566335378099247,1
Rand.Uni.500.25.44.gexf,50,2.3995754726340355,50
Rand.Uni.50.5.45.gexf,2,4.073164078596184,1
Rand.Uni.50.5.45.gexf,3,4.073164078596184,1
Rand.Uni.50.5.45.gexf,5,3.884827942413808,4
Rand.Uni.50.5.45.gexf,10,0.5703603324867157,11
Rand.Uni.50.5.45.gexf,50,F,F
Rand.Uni.50.10.45.gexf,2,7.471792546769832,1
Rand.Uni.50.10.45.gexf,3,7.471792546769832,1
Rand.Uni.50.10.45.gexf,5,7.471792546769832,1
Rand.Uni.50.10.45.gexf,10,6.548873042925739,5
Rand.Uni.50.10.45.gexf,50,F,F
Rand.Uni.50.25.45.gexf,2,19.90594007955449,1
Rand.Uni.50.25.45.gexf,3,19.90594007955449,1
Rand.Uni.50.25.45.gexf,5,19.90594007955449,1
Rand.Uni.50.25.45.gexf,10,19.90594007955449,1
Rand.Uni.50.25.45.gexf,50,F,F
Rand.Uni.100.5.45.gexf,2,5.024070488871649,1
Rand.Uni.100.5.45.gexf,3,5.024070488871649,1
Rand.Uni.100.5.45.gexf,5,4.63067566466561,5
Rand.Uni.100.5.45.gexf,10,F,F
Rand.Uni.100.5.45.gexf,50,F,F
Rand.Uni.100.10.45.gexf,2,5.148587655626841,1
Rand.Uni.100.10.45.gexf,3,5.148587655626841,1
Rand.Uni.100.10.45.gexf,5,5.136381786712088,2
Rand.Uni.100.10.45.gexf,10,1.2146708262284216,10
Rand.Uni.100.10.45.gexf,50,F,F
Rand.Uni.100.25.45.gexf,2,22.398909315381786,1
Rand.Uni.100.25.45.gexf,3,22.398909315381786,1
Rand.Uni.100.25.45.gexf,5,22.398909315381786,1
Rand.Uni.100.25.45.gexf,10,22.398909315381786,1
Rand.Uni.100.25.45.gexf,50,F,F
Rand.Uni.500.5.45.gexf,2,2.534025010775873,3
Rand.Uni.500.5.45.gexf,3,2.188157699662776,3
Rand.Uni.500.5.45.gexf,5,F,F
Rand.Uni.500.5.45.gexf,10,F,F
Rand.Uni.500.5.45.gexf,50,F,F
Rand.Uni.500.10.45.gexf,2,9.22055109689485,1
Rand.Uni.500.10.45.gexf,3,9.22055109689485,1
Rand.Uni.500.10.45.gexf,5,9.22055109689485,1
Rand.Uni.500.10.45.gexf,10,8.996180139534554,3
Rand.Uni.500.10.45.gexf,50,F,F
Rand.Uni.500.25.45.gexf,2,21.84283794196098,1
Rand.Uni.500.25.45.gexf,3,21.84283794196098,1
Rand.Uni.500.25.45.gexf,5,21.84283794196098,1
Rand.Uni.500.25.45.gexf,10,21.84283794196098,1
Rand.Uni.500.25.45.gexf,50,F,F
Rand.Uni.50.5.46.gexf,2,3.0075537805469224,1
Rand.Uni.50.5.46.gexf,3,2.5102610486442263,3
Rand.Uni.50.5.46.gexf,5,0.8646423321274175,6
Rand.Uni.50.5.46.gexf,10,F,F
Rand.Uni.50.5.46.gexf,50,F,F
Rand.Uni.50.10.46.gexf,2,7.918090973626413,1
Rand.Uni.50.10.46.gexf,3,7.918090973626413,1
Rand.Uni.50.10.46.gexf,5,7.918090973626413,1
Rand.Uni.50.10.46.gexf,10,5.8871172653266735,8
Rand.Uni.50.10.46.gexf,50,F,F
Rand.Uni.50.25.46.gexf,2,17.400812741260538,1
Rand.Uni.50.25.46.gexf,3,17.400812741260538,1
Rand.Uni.50.25.46.gexf,5,17.400812741260538,1
Rand.Uni.50.25.46.gexf,10,17.400812741260538,1
Rand.Uni.50.25.46.gexf,50,F,F
Rand.Uni.100.5.46.gexf,2,3.839761929182453,1
Rand.Uni.100.5.46.gexf,3,3.839761929182453,1
Rand.Uni.100.5.46.gexf,5,2.330405793796592,6
Rand.Uni.100.5.46.gexf,10,F,F
Rand.Uni.100.5.46.gexf,50,F,F
Rand.Uni.100.10.46.gexf,2,7.1999769895843375,1
Rand.Uni.100.10.46.gexf,3,7.1999769895843375,1
Rand.Uni.100.10.46.gexf,5,7.1999769895843375,1
Rand.Uni.100.10.46.gexf,10,5.185811567827357,8
Rand.Uni.100.10.46.gexf,50,F,F
Rand.Uni.100.25.46.gexf,2,14.41837655912989,1
Rand.Uni.100.25.46.gexf,3,14.41837655912989,1
Rand.Uni.100.25.46.gexf,5,14.41837655912989,1
Rand.Uni.100.25.46.gexf,10,14.41837655912989,1
Rand.Uni.100.25.46.gexf,50,F,F
Rand.Uni.500.5.46.gexf,2,4.191069147328715,1
Rand.Uni.500.5.46.gexf,3,4.191069147328715,1
Rand.Uni.500.5.46.gexf,5,3.7420443694560195,4
Rand.Uni.500.5.46.gexf,10,F,F
Rand.Uni.500.5.46.gexf,50,F,F
Rand.Uni.500.10.46.gexf,2,12.03194382466765,1
Rand.Uni.500.10.46.gexf,3,12.03194382466765,1
Rand.Uni.500.10.46.gexf,5,12.03194382466765,1
Rand.Uni.500.10.46.gexf,10,12.03194382466765,1
Rand.Uni.500.10.46.gexf,50,F,F
Rand.Uni.500.25.46.gexf,2,22.051856359691335,1
Rand.Uni.500.25.46.gexf,3,22.051856359691335,1
Rand.Uni.500.25.46.gexf,5,22.051856359691335,1
Rand.Uni.500.25.46.gexf,10,22.051856359691335,1
Rand.Uni.500.25.46.gexf,50,F,F
Rand.Uni.50.5.47.gexf,2,2.55907546811384,1
Rand.Uni.50.5.47.gexf,3,2.1685303801999,3
Rand.Uni.50.5.47.gexf,5,F,F
Rand.Uni.50.5.47.gexf,10,F,F
Rand.Uni.50.5.47.gexf,50,F,F
Rand.Uni.50.10.47.gexf,2,9.348661609171781,1
Rand.Uni.50.10.47.gexf,3,9.348661609171781,1
Rand.Uni.50.10.47.gexf,5,9.348661609171781,1
Rand.Uni.50.10.47.gexf,10,9.203997936223873,4
Rand.Uni.50.10.47.gexf,50,F,F
Rand.Uni.50.25.47.gexf,2,18.85646829676132,1
Rand.Uni.50.25.47.gexf,3,18.85646829676132,1
Rand.Uni.50.25.47.gexf,5,18.85646829676132,1
Rand.Uni.50.25.47.gexf,10,18.85646829676132,1
Rand.Uni.50.25.47.gexf,50,F,F
Rand.Uni.100.5.47.gexf,2,4.571032026124703,1
Rand.Uni.100.5.47.gexf,3,4.571032026124703,1
Rand.Uni.100.5.47.gexf,5,4.22288932306191,4
Rand.Uni.100.5.47.gexf,10,F,F
Rand.Uni.100.5.47.gexf,50,F,F
Rand.Uni.100.10.47.gexf,2,6.197868817341598,2
Rand.Uni.100.10.47.gexf,3,6.197868817341598,1
Rand.Uni.100.10.47.gexf,5,6.197868817341598,3
Rand.Uni.100.10.47.gexf,10,4.716981598188923,6
Rand.Uni.100.10.47.gexf,50,F,F
Rand.Uni.100.25.47.gexf,2,25.209642581777285,1
Rand.Uni.100.25.47.gexf,3,25.209642581777285,1
Rand.Uni.100.25.47.gexf,5,25.209642581777285,1
Rand.Uni.100.25.47.gexf,10,25.209642581777285,1
Rand.Uni.100.25.47.gexf,50,F,F
Rand.Uni.500.5.47.gexf,2,3.977361779561853,2
Rand.Uni.500.5.47.gexf,3,3.977361779561853,2
Rand.Uni.500.5.47.gexf,5,2.737312781425066,6
Rand.Uni.500.5.47.gexf,10,F,F
Rand.Uni.500.5.47.gexf,50,F,F
Rand.Uni.500.10.47.gexf,2,11.83860197497857,1
Rand.Uni.500.10.47.gexf,3,11.83860197497857,1
Rand.Uni.500.10.47.gexf,5,11.83860197497857,1
Rand.Uni.500.10.47.gexf,10,11.83860197497857,1
Rand.Uni.500.10.47.gexf,50,F,F
Rand.Uni.500.25.47.gexf,2,23.426511698344296,1
Rand.Uni.500.25.47.gexf,3,23.426511698344296,1
Rand.Uni.500.25.47.gexf,5,23.426511698344296,1
Rand.Uni.500.25.47.gexf,10,23.426511698344296,1
Rand.Uni.500.25.47.gexf,50,F,F
Rand.Uni.50.5.48.gexf,2,4.21966465480058,1
Rand.Uni.50.5.48.gexf,3,4.21966465480058,1
Rand.Uni.50.5.48.gexf,5,2.6856438528056272,6
Rand.Uni.50.5.48.gexf,10,F,F
Rand.Uni.50.5.48.gexf,50,F,F
Rand.Uni.50.10.48.gexf,2,9.415300434523967,1
Rand.Uni.50.10.48.gexf,3,9.415300434523967,1
Rand.Uni.50.10.48.gexf,5,9.415300434523967,1
Rand.Uni.50.10.48.gexf,10,9.276789560222852,3
Rand.Uni.50.10.48.gexf,50,F,F
Rand.Uni.50.25.48.gexf,2,15.424283042594682,2
Rand.Uni.50.25.48.gexf,3,15.424283042594682,1
Rand.Uni.50.25.48.gexf,5,15.424283042594682,3
Rand.Uni.50.25.48.gexf,10,15.424283042594682,1
Rand.Uni.50.25.48.gexf,50,F,F
Rand.Uni.100.5.48.gexf,2,4.944074125429587,1
Rand.Uni.100.5.48.gexf,3,4.944074125429587,1
Rand.Uni.100.5.48.gexf,5,4.73025355059348,3
Rand.Uni.100.5.48.gexf,10,F,F
Rand.Uni.100.5.48.gexf,50,F,F
Rand.Uni.100.10.48.gexf,2,9.276341993983365,1
Rand.Uni.100.10.48.gexf,3,9.276341993983365,1
Rand.Uni.100.10.48.gexf,5,9.276341993983365,1
Rand.Uni.100.10.48.gexf,10,9.16923929325232,5
Rand.Uni.100.10.48.gexf,50,F,F
Rand.Uni.100.25.48.gexf,2,21.566245551447444,1
Rand.Uni.100.25.48.gexf,3,21.566245551447444,1
Rand.Uni.100.25.48.gexf,5,21.566245551447444,1
Rand.Uni.100.25.48.gexf,10,21.566245551447444,1
Rand.Uni.100.25.48.gexf,50,F,F
Rand.Uni.500.5.48.gexf,2,4.750271379909428,1
Rand.Uni.500.5.48.gexf,3,4.750271379909428,1
Rand.Uni.500.5.48.gexf,5,4.586587641129179,2
Rand.Uni.500.5.48.gexf,10,0.45818198543892497-BREAK,11
Rand.Uni.500.5.48.gexf,50,F,F
Rand.Uni.500.10.48.gexf,2,8.207437571989782,1
Rand.Uni.500.10.48.gexf,3,8.207437571989782,1
Rand.Uni.500.10.48.gexf,5,8.207437571989782,1
Rand.Uni.500.10.48.gexf,10,7.2659637844913725,6
Rand.Uni.500.10.48.gexf,50,F,F
Rand.Uni.500.25.48.gexf,2,26.99595765747806,1
Rand.Uni.500.25.48.gexf,3,26.99595765747806,1
Rand.Uni.500.25.48.gexf,5,26.99595765747806,1
Rand.Uni.500.25.48.gexf,10,26.99595765747806,1
Rand.Uni.500.25.48.gexf,50,13.507090782059521,44
Rand.Uni.50.5.49.gexf,2,6.447204246314339,1
Rand.Uni.50.5.49.gexf,3,6.447204246314339,1
Rand.Uni.50.5.49.gexf,5,6.447204246314339,1
Rand.Uni.50.5.49.gexf,10,0.69074593307344,11
Rand.Uni.50.5.49.gexf,50,F,F
Rand.Uni.50.10.49.gexf,2,5.476082337121623,1
Rand.Uni.50.10.49.gexf,3,5.476082337121623,1
Rand.Uni.50.10.49.gexf,5,5.442746924587372,2
Rand.Uni.50.10.49.gexf,10,1.2725562240738935,10
Rand.Uni.50.10.49.gexf,50,F,F
Rand.Uni.50.25.49.gexf,2,18.552324009634397,1
Rand.Uni.50.25.49.gexf,3,18.552324009634397,1
Rand.Uni.50.25.49.gexf,5,18.552324009634397,1
Rand.Uni.50.25.49.gexf,10,18.552324009634397,1
Rand.Uni.50.25.49.gexf,50,F,F
Rand.Uni.100.5.49.gexf,2,4.347921113876721,1
Rand.Uni.100.5.49.gexf,3,4.347921113876721,1
Rand.Uni.100.5.49.gexf,5,4.30305445299082,2
Rand.Uni.100.5.49.gexf,10,2.482536746839818,9
Rand.Uni.100.5.49.gexf,50,F,F
Rand.Uni.100.10.49.gexf,2,8.607340976327901,1
Rand.Uni.100.10.49.gexf,3,8.607340976327901,1
Rand.Uni.100.10.49.gexf,5,8.607340976327901,1
Rand.Uni.100.10.49.gexf,10,7.589579497704402,8
Rand.Uni.100.10.49.gexf,50,F,F
Rand.Uni.100.25.49.gexf,2,23.42523314703303,1
Rand.Uni.100.25.49.gexf,3,23.42523314703303,1
Rand.Uni.100.25.49.gexf,5,23.42523314703303,1
Rand.Uni.100.25.49.gexf,10,23.42523314703303,1
Rand.Uni.100.25.49.gexf,50,F,F
Rand.Uni.500.5.49.gexf,2,0.9476838603787566-BREAK,3
Rand.Uni.500.5.49.gexf,3,0.5577859194736007-BREAK,4
Rand.Uni.500.5.49.gexf,5,F,F
Rand.Uni.500.5.49.gexf,10,F,F
Rand.Uni.500.5.49.gexf,50,F,F
Rand.Uni.500.10.49.gexf,2,8.476824234398125,1
Rand.Uni.500.10.49.gexf,3,8.476824234398125,1
Rand.Uni.500.10.49.gexf,5,8.476824234398125,1
Rand.Uni.500.10.49.gexf,10,8.106834722320546,4
Rand.Uni.500.10.49.gexf,50,F,F
Rand.Uni.500.25.49.gexf,2,21.75580020844101,1
Rand.Uni.500.25.49.gexf,3,21.75580020844101,1
Rand.Uni.500.25.49.gexf,5,21.75580020844101,1
Rand.Uni.500.25.49.gexf,10,21.75580020844101,1
Rand.Uni.500.25.49.gexf,50,F,F
Rand.Uni.50.5.50.gexf,2,3.170979080182175,1
Rand.Uni.50.5.50.gexf,3,3.170979080182175,2
Rand.Uni.50.5.50.gexf,5,1.9488274451769025,5
Rand.Uni.50.5.50.gexf,10,F,F
Rand.Uni.50.5.50.gexf,50,F,F
Rand.Uni.50.10.50.gexf,2,9.91692817186443,1
Rand.Uni.50.10.50.gexf,3,9.91692817186443,1
Rand.Uni.50.10.50.gexf,5,9.91692817186443,1
Rand.Uni.50.10.50.gexf,10,9.825166256878422,2
Rand.Uni.50.10.50.gexf,50,F,F
Rand.Uni.50.25.50.gexf,2,21.68414520295398,1
Rand.Uni.50.25.50.gexf,3,21.68414520295398,1
Rand.Uni.50.25.50.gexf,5,21.68414520295398,1
Rand.Uni.50.25.50.gexf,10,21.68414520295398,1
Rand.Uni.50.25.50.gexf,50,F,F
Rand.Uni.100.5.50.gexf,2,3.881276966482197,1
Rand.Uni.100.5.50.gexf,3,3.881276966482197,1
Rand.Uni.100.5.50.gexf,5,1.6397674720348632,6
Rand.Uni.100.5.50.gexf,10,F,F
Rand.Uni.100.5.50.gexf,50,F,F
Rand.Uni.100.10.50.gexf,2,9.823125816204886,1
Rand.Uni.100.10.50.gexf,3,9.823125816204886,1
Rand.Uni.100.10.50.gexf,5,9.823125816204886,1
Rand.Uni.100.10.50.gexf,10,9.405763954028581,5
Rand.Uni.100.10.50.gexf,50,F,F
Rand.Uni.100.25.50.gexf,2,24.737657304820633,1
Rand.Uni.100.25.50.gexf,3,24.737657304820633,1
Rand.Uni.100.25.50.gexf,5,24.737657304820633,1
Rand.Uni.100.25.50.gexf,10,24.737657304820633,1
Rand.Uni.100.25.50.gexf,50,F,F
Rand.Uni.500.5.50.gexf,2,3.740197244607036,1
Rand.Uni.500.5.50.gexf,3,3.6986951021957966,3
Rand.Uni.500.5.50.gexf,5,3.0680275459128126,5
Rand.Uni.500.5.50.gexf,10,F,F
Rand.Uni.500.5.50.gexf,50,F,F
Rand.Uni.500.10.50.gexf,2,13.778672715763703,2
Rand.Uni.500.10.50.gexf,3,13.778672715763703,1
Rand.Uni.500.10.50.gexf,5,13.778672715763703,3
Rand.Uni.500.10.50.gexf,10,13.778672715763703,1
Rand.Uni.500.10.50.gexf,50,F,F
Rand.Uni.500.25.50.gexf,2,18.553485261369886,1
Rand.Uni.500.25.50.gexf,3,18.553485261369886,1
Rand.Uni.500.25.50.gexf,5,18.553485261369886,1
Rand.Uni.500.25.50.gexf,10,18.553485261369886,1
Rand.Uni.500.25.50.gexf,50,F,F
