construction heuristic,flip fct,step fct,network name,n,m,k,k-index,edge connectivity,initial max-flow,best max-flow,first interdiction max-flow,best search max-flow,delta cost calculations,flips,non-improving flips,tabu-searches in k,tabu-searches in G,list of max-flows
cut,cap,first,Rand.Gauss025.50.5.1.gexf,50,250,2,1,"[8, 8, 8, 8]",2.5032046328603825,1.5395867960268041,1.5395867960268041,inf,2442,0,0,0,0,"[2.5032046328603825, 1.5395867960268041]"
cut,cap,first,Rand.Gauss025.50.5.1.gexf,50,250,3,2,"[8, 8, 8, 8]",2.5032046328603825,0.3111286776782878,0.3111286776782878,inf,2586,0,0,0,0,"[2.5032046328603825, 0.3111286776782878]"
cut,cap,first,Rand.Gauss025.50.5.1.gexf,50,250,5,3,"[8, 8, 8, 8]",2.5032046328603825,0,0,inf,0,0,0,0,0,"[2.5032046328603825, 0]"
cut,cap,first,Rand.Gauss025.50.5.1.gexf,50,F,10,4,"[8, 8, 8, 8]",F,F,F,F,F,F,F,F,F,F
cut,cap,first,Rand.Gauss025.50.5.1.gexf,50,F,50,5,"[8, 8, 8, 8]",F,F,F,F,F,F,F,F,F,F
cut,cap,first,Rand.Gauss025.50.10.1.gexf,50,500,2,1,"[17, 17, 17, 17]",9.63451624149207,7.574244795636328,7.574244795636328,inf,599,0,0,0,0,"[9.63451624149207, 7.574244795636328]"
cut,cap,first,Rand.Gauss025.50.10.1.gexf,50,500,3,2,"[17, 17, 17, 17]",9.63451624149207,4.811504789407824,4.811504789407824,inf,998,0,0,0,0,"[9.63451624149207, 4.811504789407824]"
cut,cap,first,Rand.Gauss025.50.10.1.gexf,50,500,5,3,"[17, 17, 17, 17]",9.63451624149207,1.7697708187413879,1.7697708187413879,inf,1457,0,0,0,0,"[9.63451624149207, 1.7697708187413879]"
cut,cap,first,Rand.Gauss025.50.10.1.gexf,50,500,10,4,"[17, 17, 17, 17]",9.63451624149207,0,0,inf,0,0,0,0,0,"[9.63451624149207, 0]"
cut,cap,first,Rand.Gauss025.50.10.1.gexf,50,F,50,5,"[17, 17, 17, 17]",F,F,F,F,F,F,F,F,F,F
cut,cap,first,Rand.Gauss025.50.25.1.gexf,50,1250,2,1,"[38, 38, 38, 38]",20.4309381903224,18.244527408228503,18.244527408228503,inf,256,0,0,0,0,"[20.4309381903224, 18.244527408228503]"
cut,cap,first,Rand.Gauss025.50.25.1.gexf,50,1250,3,2,"[38, 38, 38, 38]",20.4309381903224,15.642829970606028,15.642829970606028,inf,401,0,0,0,0,"[20.4309381903224, 15.642829970606028]"
cut,cap,first,Rand.Gauss025.50.25.1.gexf,50,1250,5,3,"[38, 38, 38, 38]",20.4309381903224,11.696055844022888,11.696055844022888,inf,431,0,0,0,0,"[20.4309381903224, 11.696055844022888]"
cut,cap,first,Rand.Gauss025.50.25.1.gexf,50,1250,10,4,"[38, 38, 38, 38]",20.4309381903224,5.7396543200332655,5.7396543200332655,inf,1009,0,0,0,0,"[20.4309381903224, 5.7396543200332655]"
cut,cap,first,Rand.Gauss025.50.25.1.gexf,50,F,50,5,"[38, 38, 38, 38]",F,F,F,F,F,F,F,F,F,F
cut,cap,first,Rand.Gauss025.50.5.2.gexf,50,250,2,1,"[7, 7, 7, 7]",3.693701391243244,2.2529832457076506,2.2529832457076506,inf,1637,0,0,0,0,"[3.693701391243244, 2.2529832457076506]"
cut,cap,first,Rand.Gauss025.50.5.2.gexf,50,250,3,2,"[7, 7, 7, 7]",3.693701391243244,0.5628141567439322,0.6669273628947738,0.5628141567439322,2606,1,0,0,0,"[3.693701391243244, 0.6669273628947738, 0.5628141567439322]"
cut,cap,first,Rand.Gauss025.50.5.2.gexf,50,250,5,3,"[7, 7, 7, 7]",3.693701391243244,0,0,inf,0,0,0,0,0,"[3.693701391243244, 0]"
cut,cap,first,Rand.Gauss025.50.5.2.gexf,50,F,10,4,"[7, 7, 7, 7]",F,F,F,F,F,F,F,F,F,F
cut,cap,first,Rand.Gauss025.50.5.2.gexf,50,F,50,5,"[7, 7, 7, 7]",F,F,F,F,F,F,F,F,F,F
cut,cap,first,Rand.Gauss025.50.10.2.gexf,50,500,2,1,"[16, 16, 16, 16]",7.978898307998229,6.343389636026742,6.343389636026742,inf,1186,0,0,0,0,"[7.978898307998229, 6.343389636026742]"
cut,cap,first,Rand.Gauss025.50.10.2.gexf,50,500,3,2,"[16, 16, 16, 16]",7.978898307998229,4.277386061078656,4.277386061078656,inf,962,0,0,0,0,"[7.978898307998229, 4.277386061078656]"
cut,cap,first,Rand.Gauss025.50.10.2.gexf,50,500,5,3,"[16, 16, 16, 16]",7.978898307998229,1.9191202328766175,1.9191202328766175,inf,2343,0,0,0,0,"[7.978898307998229, 1.9191202328766175]"
cut,cap,first,Rand.Gauss025.50.10.2.gexf,50,500,10,4,"[16, 16, 16, 16]",7.978898307998229,0,0,inf,0,0,0,0,0,"[7.978898307998229, 0]"
cut,cap,first,Rand.Gauss025.50.10.2.gexf,50,F,50,5,"[16, 16, 16, 16]",F,F,F,F,F,F,F,F,F,F
cut,cap,first,Rand.Gauss025.50.25.2.gexf,50,1250,2,1,"[30, 30, 30, 30]",16.189646892484145,14.260209219718393,14.260209219718393,inf,406,0,0,0,0,"[16.189646892484145, 14.260209219718393]"
cut,cap,first,Rand.Gauss025.50.25.2.gexf,50,1250,3,2,"[30, 30, 30, 30]",16.189646892484145,12.015069799563276,12.015069799563276,inf,237,0,0,0,0,"[16.189646892484145, 12.015069799563276]"
cut,cap,first,Rand.Gauss025.50.25.2.gexf,50,1250,5,3,"[30, 30, 30, 30]",16.189646892484145,8.671563265290578,8.671563265290578,inf,596,0,0,0,0,"[16.189646892484145, 8.671563265290578]"
cut,cap,first,Rand.Gauss025.50.25.2.gexf,50,1250,10,4,"[30, 30, 30, 30]",16.189646892484145,3.326897703621388,3.326897703621388,inf,1036,0,0,0,0,"[16.189646892484145, 3.326897703621388]"
cut,cap,first,Rand.Gauss025.50.25.2.gexf,50,F,50,5,"[30, 30, 30, 30]",F,F,F,F,F,F,F,F,F,F
cut,cap,first,Rand.Gauss025.50.5.3.gexf,50,250,2,1,"[12, 12, 12, 12]",5.217505529734169,3.5464873286161773,3.5464873286161773,inf,1068,0,0,0,0,"[5.217505529734169, 3.5464873286161773]"
cut,cap,first,Rand.Gauss025.50.5.3.gexf,50,250,3,2,"[12, 12, 12, 12]",5.217505529734169,1.8870321799383722,1.8870321799383722,inf,3862,0,0,0,0,"[5.217505529734169, 1.8870321799383722]"
cut,cap,first,Rand.Gauss025.50.5.3.gexf,50,250,5,3,"[12, 12, 12, 12]",5.217505529734169,0.2523420513869849,0.2523420513869849,inf,4487,0,0,0,0,"[5.217505529734169, 0.2523420513869849]"
cut,cap,first,Rand.Gauss025.50.5.3.gexf,50,250,10,4,"[12, 12, 12, 12]",5.217505529734169,0,0,inf,0,0,0,0,0,"[5.217505529734169, 0]"
cut,cap,first,Rand.Gauss025.50.5.3.gexf,50,F,50,5,"[12, 12, 12, 12]",F,F,F,F,F,F,F,F,F,F
cut,cap,first,Rand.Gauss025.50.10.3.gexf,50,500,2,1,"[16, 16, 16, 16]",7.575453618756438,5.387981416201139,5.387981416201139,inf,945,0,0,0,0,"[7.575453618756438, 5.387981416201139]"
cut,cap,first,Rand.Gauss025.50.10.3.gexf,50,500,3,2,"[16, 16, 16, 16]",7.575453618756438,3.5538424583555326,3.5538424583555326,inf,990,0,0,0,0,"[7.575453618756438, 3.5538424583555326]"
cut,cap,first,Rand.Gauss025.50.10.3.gexf,50,500,5,3,"[16, 16, 16, 16]",7.575453618756438,1.4704051862841434,1.4704051862841434,inf,1487,0,0,0,0,"[7.575453618756438, 1.4704051862841434]"
cut,cap,first,Rand.Gauss025.50.10.3.gexf,50,500,10,4,"[16, 16, 16, 16]",7.575453618756438,0,0,inf,0,0,0,0,0,"[7.575453618756438, 0]"
cut,cap,first,Rand.Gauss025.50.10.3.gexf,50,F,50,5,"[16, 16, 16, 16]",F,F,F,F,F,F,F,F,F,F
cut,cap,first,Rand.Gauss025.50.25.3.gexf,50,1250,2,1,"[32, 32, 32, 32]",14.081220183578003,12.477402252069533,12.477402252069533,inf,914,0,0,0,0,"[14.081220183578003, 12.477402252069533]"
cut,cap,first,Rand.Gauss025.50.25.3.gexf,50,1250,3,2,"[32, 32, 32, 32]",14.081220183578003,10.392887621896858,10.392887621896858,inf,427,0,0,0,0,"[14.081220183578003, 10.392887621896858]"
cut,cap,first,Rand.Gauss025.50.25.3.gexf,50,1250,5,3,"[32, 32, 32, 32]",14.081220183578003,7.4342125392101535,7.4342125392101535,inf,431,0,0,0,0,"[14.081220183578003, 7.4342125392101535]"
cut,cap,first,Rand.Gauss025.50.25.3.gexf,50,1250,10,4,"[32, 32, 32, 32]",14.081220183578003,2.8349625027731626,2.8349625027731626,inf,1039,0,0,0,0,"[14.081220183578003, 2.8349625027731626]"
cut,cap,first,Rand.Gauss025.50.25.3.gexf,50,F,50,5,"[32, 32, 32, 32]",F,F,F,F,F,F,F,F,F,F
cut,cap,first,Rand.Gauss025.50.5.4.gexf,50,250,2,1,"[8, 8, 8, 8]",4.171676444332423,2.468478962154296,2.468478962154296,inf,1290,0,0,0,0,"[4.171676444332423, 2.468478962154296]"
cut,cap,first,Rand.Gauss025.50.5.4.gexf,50,250,3,2,"[8, 8, 8, 8]",4.171676444332423,0.8236567928902364,0.8236567928902364,inf,2603,0,0,0,0,"[4.171676444332423, 0.8236567928902364]"
cut,cap,first,Rand.Gauss025.50.5.4.gexf,50,250,5,3,"[8, 8, 8, 8]",4.171676444332423,0,0,inf,0,0,0,0,0,"[4.171676444332423, 0]"
cut,cap,first,Rand.Gauss025.50.5.4.gexf,50,F,10,4,"[8, 8, 8, 8]",F,F,F,F,F,F,F,F,F,F
cut,cap,first,Rand.Gauss025.50.5.4.gexf,50,F,50,5,"[8, 8, 8, 8]",F,F,F,F,F,F,F,F,F,F
cut,cap,first,Rand.Gauss025.50.10.4.gexf,50,500,2,1,"[15, 15, 15, 15]",8.173985512785576,6.5956477911273,6.5956477911273,inf,708,0,0,0,0,"[8.173985512785576, 6.5956477911273]"
cut,cap,first,Rand.Gauss025.50.10.4.gexf,50,500,3,2,"[15, 15, 15, 15]",8.173985512785576,4.758586657386239,4.758586657386239,inf,992,0,0,0,0,"[8.173985512785576, 4.758586657386239]"
cut,cap,first,Rand.Gauss025.50.10.4.gexf,50,500,5,3,"[15, 15, 15, 15]",8.173985512785576,2.42961017209468,2.42961017209468,inf,2308,0,0,0,0,"[8.173985512785576, 2.42961017209468]"
cut,cap,first,Rand.Gauss025.50.10.4.gexf,50,500,10,4,"[15, 15, 15, 15]",8.173985512785576,0,0,inf,0,0,0,0,0,"[8.173985512785576, 0]"
cut,cap,first,Rand.Gauss025.50.10.4.gexf,50,F,50,5,"[15, 15, 15, 15]",F,F,F,F,F,F,F,F,F,F
cut,cap,first,Rand.Gauss025.50.25.4.gexf,50,1250,2,1,"[40, 40, 40, 40]",19.373083812635596,17.5108579225462,17.5108579225462,inf,397,0,0,0,0,"[19.373083812635596, 17.5108579225462]"
cut,cap,first,Rand.Gauss025.50.25.4.gexf,50,1250,3,2,"[40, 40, 40, 40]",19.373083812635596,15.299850532762383,15.299850532762383,inf,331,0,0,0,0,"[19.373083812635596, 15.299850532762383]"
cut,cap,first,Rand.Gauss025.50.25.4.gexf,50,1250,5,3,"[40, 40, 40, 40]",19.373083812635596,12.001970650904735,12.001970650904735,inf,343,0,0,0,0,"[19.373083812635596, 12.001970650904735]"
cut,cap,first,Rand.Gauss025.50.25.4.gexf,50,1250,10,4,"[40, 40, 40, 40]",19.373083812635596,6.538933490894887,6.538933490894887,inf,1007,0,0,0,0,"[19.373083812635596, 6.538933490894887]"
cut,cap,first,Rand.Gauss025.50.25.4.gexf,50,F,50,5,"[40, 40, 40, 40]",F,F,F,F,F,F,F,F,F,F
cut,cap,first,Rand.Gauss025.50.5.5.gexf,50,250,2,1,"[8, 8, 8, 8]",4.645971133002126,2.8336392989826305,2.8336392989826305,inf,1337,0,0,0,0,"[4.645971133002126, 2.8336392989826305]"
cut,cap,first,Rand.Gauss025.50.5.5.gexf,50,250,3,2,"[8, 8, 8, 8]",4.645971133002126,0.8800106396733378,0.8800106396733378,inf,1849,0,0,0,0,"[4.645971133002126, 0.8800106396733378]"
cut,cap,first,Rand.Gauss025.50.5.5.gexf,50,250,5,3,"[8, 8, 8, 8]",4.645971133002126,0,0,inf,0,0,0,0,0,"[4.645971133002126, 0]"
cut,cap,first,Rand.Gauss025.50.5.5.gexf,50,F,10,4,"[8, 8, 8, 8]",F,F,F,F,F,F,F,F,F,F
cut,cap,first,Rand.Gauss025.50.5.5.gexf,50,F,50,5,"[8, 8, 8, 8]",F,F,F,F,F,F,F,F,F,F
cut,cap,first,Rand.Gauss025.50.10.5.gexf,50,500,2,1,"[17, 17, 17, 17]",9.059337980909692,7.223954688078553,7.223954688078553,inf,908,0,0,0,0,"[9.059337980909692, 7.223954688078553]"
cut,cap,first,Rand.Gauss025.50.10.5.gexf,50,500,3,2,"[17, 17, 17, 17]",9.059337980909692,5.092235855990025,5.092235855990025,inf,1374,0,0,0,0,"[9.059337980909692, 5.092235855990025]"
cut,cap,first,Rand.Gauss025.50.10.5.gexf,50,500,5,3,"[17, 17, 17, 17]",9.059337980909692,2.2032338177386745,2.2032338177386745,inf,1079,0,0,0,0,"[9.059337980909692, 2.2032338177386745]"
cut,cap,first,Rand.Gauss025.50.10.5.gexf,50,500,10,4,"[17, 17, 17, 17]",9.059337980909692,0,0,inf,0,0,0,0,0,"[9.059337980909692, 0]"
cut,cap,first,Rand.Gauss025.50.10.5.gexf,50,F,50,5,"[17, 17, 17, 17]",F,F,F,F,F,F,F,F,F,F
cut,cap,first,Rand.Gauss025.50.25.5.gexf,50,1250,2,1,"[38, 38, 38, 38]",17.67642822661075,15.85384536192346,15.85384536192346,inf,270,0,0,0,0,"[17.67642822661075, 15.85384536192346]"
cut,cap,first,Rand.Gauss025.50.25.5.gexf,50,1250,3,2,"[38, 38, 38, 38]",17.67642822661075,13.353009907595775,13.353009907595775,inf,191,0,0,0,0,"[17.67642822661075, 13.353009907595775]"
cut,cap,first,Rand.Gauss025.50.25.5.gexf,50,1250,5,3,"[38, 38, 38, 38]",17.67642822661075,9.651084283165924,9.651084283165924,inf,436,0,0,0,0,"[17.67642822661075, 9.651084283165924]"
cut,cap,first,Rand.Gauss025.50.25.5.gexf,50,1250,10,4,"[38, 38, 38, 38]",17.67642822661075,4.190699656083466,4.190699656083466,inf,1037,0,0,0,0,"[17.67642822661075, 4.190699656083466]"
cut,cap,first,Rand.Gauss025.50.25.5.gexf,50,F,50,5,"[38, 38, 38, 38]",F,F,F,F,F,F,F,F,F,F
cut,cap,first,Rand.Gauss025.50.5.6.gexf,50,250,2,1,"[11, 11, 11, 11]",5.059235967123533,3.6836246826289556,3.6836246826289556,inf,1623,0,0,0,0,"[5.059235967123533, 3.6836246826289556]"
cut,cap,first,Rand.Gauss025.50.5.6.gexf,50,250,3,2,"[11, 11, 11, 11]",5.059235967123533,1.9721331512222124,1.9721331512222124,inf,3935,0,0,0,0,"[5.059235967123533, 1.9721331512222124]"
cut,cap,first,Rand.Gauss025.50.5.6.gexf,50,250,5,3,"[11, 11, 11, 11]",5.059235967123533,0.13435178388373703,0.13435178388373703,inf,4439,0,0,0,0,"[5.059235967123533, 0.13435178388373703]"
cut,cap,first,Rand.Gauss025.50.5.6.gexf,50,250,10,4,"[11, 11, 11, 11]",5.059235967123533,0,0,inf,0,0,0,0,0,"[5.059235967123533, 0]"
cut,cap,first,Rand.Gauss025.50.5.6.gexf,50,F,50,5,"[11, 11, 11, 11]",F,F,F,F,F,F,F,F,F,F
cut,cap,first,Rand.Gauss025.50.10.6.gexf,50,500,2,1,"[12, 12, 12, 12]",4.708808407602193,3.1491878522795673,3.1491878522795673,inf,816,0,0,0,0,"[4.708808407602193, 3.1491878522795673]"
cut,cap,first,Rand.Gauss025.50.10.6.gexf,50,500,3,2,"[12, 12, 12, 12]",4.708808407602193,1.2658679095394767,1.2658679095394767,inf,1493,0,0,0,0,"[4.708808407602193, 1.2658679095394767]"
cut,cap,first,Rand.Gauss025.50.10.6.gexf,50,500,5,3,"[12, 12, 12, 12]",4.708808407602193,0,0,inf,0,0,0,0,0,"[4.708808407602193, 0]"
cut,cap,first,Rand.Gauss025.50.10.6.gexf,50,500,10,4,"[12, 12, 12, 12]",4.708808407602193,0,0,inf,0,0,0,0,0,"[4.708808407602193, 0]"
cut,cap,first,Rand.Gauss025.50.10.6.gexf,50,F,50,5,"[12, 12, 12, 12]",F,F,F,F,F,F,F,F,F,F
cut,cap,first,Rand.Gauss025.50.25.6.gexf,50,1250,2,1,"[37, 37, 37, 37]",17.45686551445214,15.9297069425446,15.9297069425446,inf,230,0,0,0,0,"[17.45686551445214, 15.9297069425446]"
cut,cap,first,Rand.Gauss025.50.25.6.gexf,50,1250,3,2,"[37, 37, 37, 37]",17.45686551445214,13.775406791434053,13.775406791434053,inf,334,0,0,0,0,"[17.45686551445214, 13.775406791434053]"
cut,cap,first,Rand.Gauss025.50.25.6.gexf,50,1250,5,3,"[37, 37, 37, 37]",17.45686551445214,10.528318892204732,10.528318892204732,inf,341,0,0,0,0,"[17.45686551445214, 10.528318892204732]"
cut,cap,first,Rand.Gauss025.50.25.6.gexf,50,1250,10,4,"[37, 37, 37, 37]",17.45686551445214,5.293065948908159,5.293065948908159,inf,1023,0,0,0,0,"[17.45686551445214, 5.293065948908159]"
cut,cap,first,Rand.Gauss025.50.25.6.gexf,50,F,50,5,"[37, 37, 37, 37]",F,F,F,F,F,F,F,F,F,F
cut,cap,first,Rand.Gauss025.50.5.7.gexf,50,250,2,1,"[6, 6, 6, 6]",3.833875834203851,2.065828445307313,2.065828445307313,inf,1645,0,0,0,0,"[3.833875834203851, 2.065828445307313]"
cut,cap,first,Rand.Gauss025.50.5.7.gexf,50,250,3,2,"[6, 6, 6, 6]",3.833875834203851,0.0683631797707247,0.0683631797707247,inf,4375,0,0,0,0,"[3.833875834203851, 0.0683631797707247]"
cut,cap,first,Rand.Gauss025.50.5.7.gexf,50,250,5,3,"[6, 6, 6, 6]",3.833875834203851,0,0,inf,0,0,0,0,0,"[3.833875834203851, 0]"
cut,cap,first,Rand.Gauss025.50.5.7.gexf,50,F,10,4,"[6, 6, 6, 6]",F,F,F,F,F,F,F,F,F,F
cut,cap,first,Rand.Gauss025.50.5.7.gexf,50,F,50,5,"[6, 6, 6, 6]",F,F,F,F,F,F,F,F,F,F
cut,cap,first,Rand.Gauss025.50.10.7.gexf,50,500,2,1,"[18, 18, 18, 18]",9.262919468735252,7.482137467811823,7.482137467811823,inf,523,0,0,0,0,"[9.262919468735252, 7.482137467811823]"
cut,cap,first,Rand.Gauss025.50.10.7.gexf,50,500,3,2,"[18, 18, 18, 18]",9.262919468735252,5.405916001478329,5.405916001478329,inf,1397,0,0,0,0,"[9.262919468735252, 5.405916001478329]"
cut,cap,first,Rand.Gauss025.50.10.7.gexf,50,500,5,3,"[18, 18, 18, 18]",9.262919468735252,2.6170686994852193,2.6170686994852193,inf,1448,0,0,0,0,"[9.262919468735252, 2.6170686994852193]"
cut,cap,first,Rand.Gauss025.50.10.7.gexf,50,500,10,4,"[18, 18, 18, 18]",9.262919468735252,0,0,inf,0,0,0,0,0,"[9.262919468735252, 0]"
cut,cap,first,Rand.Gauss025.50.10.7.gexf,50,F,50,5,"[18, 18, 18, 18]",F,F,F,F,F,F,F,F,F,F
cut,cap,first,Rand.Gauss025.50.25.7.gexf,50,1250,2,1,"[36, 36, 36, 36]",16.882940002323608,15.026720714873452,15.026720714873452,inf,564,0,0,0,0,"[16.882940002323608, 15.026720714873452]"
cut,cap,first,Rand.Gauss025.50.25.7.gexf,50,1250,3,2,"[36, 36, 36, 36]",16.882940002323608,12.619953674771178,12.619953674771178,inf,578,0,0,0,0,"[16.882940002323608, 12.619953674771178]"
cut,cap,first,Rand.Gauss025.50.25.7.gexf,50,1250,5,3,"[36, 36, 36, 36]",16.882940002323608,9.133263538226112,9.133263538226112,inf,310,0,0,0,0,"[16.882940002323608, 9.133263538226112]"
cut,cap,first,Rand.Gauss025.50.25.7.gexf,50,1250,10,4,"[36, 36, 36, 36]",16.882940002323608,4.038294117359095,4.038294117359095,inf,352,0,0,0,0,"[16.882940002323608, 4.038294117359095]"
cut,cap,first,Rand.Gauss025.50.25.7.gexf,50,F,50,5,"[36, 36, 36, 36]",F,F,F,F,F,F,F,F,F,F
cut,cap,first,Rand.Gauss025.50.5.8.gexf,50,250,2,1,"[6, 6, 6, 6]",1.8051621397621935,0.5311960043147412,0.5311960043147412,inf,1870,0,0,0,0,"[1.8051621397621935, 0.5311960043147412]"
cut,cap,first,Rand.Gauss025.50.5.8.gexf,50,250,3,2,"[6, 6, 6, 6]",1.8051621397621935,0.07933587551004123,0.07933587551004123,inf,4525,0,0,0,0,"[1.8051621397621935, 0.07933587551004123]"
cut,cap,first,Rand.Gauss025.50.5.8.gexf,50,250,5,3,"[6, 6, 6, 6]",1.8051621397621935,0,0,inf,0,0,0,0,0,"[1.8051621397621935, 0]"
cut,cap,first,Rand.Gauss025.50.5.8.gexf,50,F,10,4,"[6, 6, 6, 6]",F,F,F,F,F,F,F,F,F,F
cut,cap,first,Rand.Gauss025.50.5.8.gexf,50,F,50,5,"[6, 6, 6, 6]",F,F,F,F,F,F,F,F,F,F
cut,cap,first,Rand.Gauss025.50.10.8.gexf,50,500,2,1,"[13, 13, 13, 13]",7.798369741654689,6.288958404446841,6.288958404446841,inf,1280,0,0,0,0,"[7.798369741654689, 6.288958404446841]"
cut,cap,first,Rand.Gauss025.50.10.8.gexf,50,500,3,2,"[13, 13, 13, 13]",7.798369741654689,4.327938060392122,4.327938060392122,inf,1319,0,0,0,0,"[7.798369741654689, 4.327938060392122]"
cut,cap,first,Rand.Gauss025.50.10.8.gexf,50,500,5,3,"[13, 13, 13, 13]",7.798369741654689,1.628315127932889,1.628315127932889,inf,1478,0,0,0,0,"[7.798369741654689, 1.628315127932889]"
cut,cap,first,Rand.Gauss025.50.10.8.gexf,50,500,10,4,"[13, 13, 13, 13]",7.798369741654689,0,0,inf,0,0,0,0,0,"[7.798369741654689, 0]"
cut,cap,first,Rand.Gauss025.50.10.8.gexf,50,F,50,5,"[13, 13, 13, 13]",F,F,F,F,F,F,F,F,F,F
cut,cap,first,Rand.Gauss025.50.25.8.gexf,50,1250,2,1,"[33, 33, 33, 33]",17.847672014466536,15.82169362813585,15.82169362813585,inf,314,0,0,0,0,"[17.847672014466536, 15.82169362813585]"
cut,cap,first,Rand.Gauss025.50.25.8.gexf,50,1250,3,2,"[33, 33, 33, 33]",17.847672014466536,13.153310596090318,13.153310596090318,inf,331,0,0,0,0,"[17.847672014466536, 13.153310596090318]"
cut,cap,first,Rand.Gauss025.50.25.8.gexf,50,1250,5,3,"[33, 33, 33, 33]",17.847672014466536,9.694815307962962,9.694815307962962,inf,945,0,0,0,0,"[17.847672014466536, 9.694815307962962]"
cut,cap,first,Rand.Gauss025.50.25.8.gexf,50,1250,10,4,"[33, 33, 33, 33]",17.847672014466536,4.018785043180904,4.018785043180904,inf,621,0,0,0,0,"[17.847672014466536, 4.018785043180904]"
cut,cap,first,Rand.Gauss025.50.25.8.gexf,50,F,50,5,"[33, 33, 33, 33]",F,F,F,F,F,F,F,F,F,F
cut,cap,first,Rand.Gauss025.50.5.9.gexf,50,250,2,1,"[7, 7, 7, 7]",3.880589721248175,2.3301434470470332,2.3301434470470332,inf,932,0,0,0,0,"[3.880589721248175, 2.3301434470470332]"
cut,cap,first,Rand.Gauss025.50.5.9.gexf,50,250,3,2,"[7, 7, 7, 7]",3.880589721248175,0.6310203521947995,0.6310203521947995,inf,3871,0,0,0,0,"[3.880589721248175, 0.6310203521947995]"
cut,cap,first,Rand.Gauss025.50.5.9.gexf,50,250,5,3,"[7, 7, 7, 7]",3.880589721248175,0,0,inf,0,0,0,0,0,"[3.880589721248175, 0]"
cut,cap,first,Rand.Gauss025.50.5.9.gexf,50,F,10,4,"[7, 7, 7, 7]",F,F,F,F,F,F,F,F,F,F
cut,cap,first,Rand.Gauss025.50.5.9.gexf,50,F,50,5,"[7, 7, 7, 7]",F,F,F,F,F,F,F,F,F,F
cut,cap,first,Rand.Gauss025.50.10.9.gexf,50,500,2,1,"[15, 15, 15, 15]",7.585521330001982,5.128246897319837,5.128246897319837,inf,535,0,0,0,0,"[7.585521330001982, 5.128246897319837]"
cut,cap,first,Rand.Gauss025.50.10.9.gexf,50,500,3,2,"[15, 15, 15, 15]",7.585521330001982,2.8281655932745795,2.8281655932745795,inf,1409,0,0,0,0,"[7.585521330001982, 2.8281655932745795]"
cut,cap,first,Rand.Gauss025.50.10.9.gexf,50,500,5,3,"[15, 15, 15, 15]",7.585521330001982,0.7541910889765919,0.7541910889765919,inf,1069,0,0,0,0,"[7.585521330001982, 0.7541910889765919]"
cut,cap,first,Rand.Gauss025.50.10.9.gexf,50,500,10,4,"[15, 15, 15, 15]",7.585521330001982,0,0,inf,0,0,0,0,0,"[7.585521330001982, 0]"
cut,cap,first,Rand.Gauss025.50.10.9.gexf,50,F,50,5,"[15, 15, 15, 15]",F,F,F,F,F,F,F,F,F,F
cut,cap,first,Rand.Gauss025.50.25.9.gexf,50,1250,2,1,"[39, 39, 39, 39]",18.62194415396654,16.785149984349733,16.785149984349733,inf,323,0,0,0,0,"[18.62194415396654, 16.785149984349733]"
cut,cap,first,Rand.Gauss025.50.25.9.gexf,50,1250,3,2,"[39, 39, 39, 39]",18.62194415396654,14.536341304870504,14.536341304870504,inf,326,0,0,0,0,"[18.62194415396654, 14.536341304870504]"
cut,cap,first,Rand.Gauss025.50.25.9.gexf,50,1250,5,3,"[39, 39, 39, 39]",18.62194415396654,11.151783457898484,11.151783457898484,inf,906,0,0,0,0,"[18.62194415396654, 11.151783457898484]"
cut,cap,first,Rand.Gauss025.50.25.9.gexf,50,1250,10,4,"[39, 39, 39, 39]",18.62194415396654,5.8558435684662085,5.8558435684662085,inf,971,0,0,0,0,"[18.62194415396654, 5.8558435684662085]"
cut,cap,first,Rand.Gauss025.50.25.9.gexf,50,F,50,5,"[39, 39, 39, 39]",F,F,F,F,F,F,F,F,F,F
cut,cap,first,Rand.Gauss025.50.5.10.gexf,50,250,2,1,"[8, 8, 8, 8]",4.525375377709212,2.7371719631618885,2.7371719631618885,inf,2280,0,0,0,0,"[4.525375377709212, 2.7371719631618885]"
cut,cap,first,Rand.Gauss025.50.5.10.gexf,50,250,3,2,"[8, 8, 8, 8]",4.525375377709212,0.779647625704004,0.779647625704004,inf,2622,0,0,0,0,"[4.525375377709212, 0.779647625704004]"
cut,cap,first,Rand.Gauss025.50.5.10.gexf,50,250,5,3,"[8, 8, 8, 8]",4.525375377709212,0,0,inf,0,0,0,0,0,"[4.525375377709212, 0]"
cut,cap,first,Rand.Gauss025.50.5.10.gexf,50,F,10,4,"[8, 8, 8, 8]",F,F,F,F,F,F,F,F,F,F
cut,cap,first,Rand.Gauss025.50.5.10.gexf,50,F,50,5,"[8, 8, 8, 8]",F,F,F,F,F,F,F,F,F,F
cut,cap,first,Rand.Gauss025.50.10.10.gexf,50,500,2,1,"[13, 13, 13, 13]",6.610286756737993,4.86046765049176,4.86046765049176,inf,965,0,0,0,0,"[6.610286756737993, 4.86046765049176]"
cut,cap,first,Rand.Gauss025.50.10.10.gexf,50,500,3,2,"[13, 13, 13, 13]",6.610286756737993,2.7474424201628915,2.7474424201628915,inf,1044,0,0,0,0,"[6.610286756737993, 2.7474424201628915]"
cut,cap,first,Rand.Gauss025.50.10.10.gexf,50,500,5,3,"[13, 13, 13, 13]",6.610286756737993,0.6585158705705626,0.6585158705705626,inf,1536,0,0,0,0,"[6.610286756737993, 0.6585158705705626]"
cut,cap,first,Rand.Gauss025.50.10.10.gexf,50,500,10,4,"[13, 13, 13, 13]",6.610286756737993,0,0,inf,0,0,0,0,0,"[6.610286756737993, 0]"
cut,cap,first,Rand.Gauss025.50.10.10.gexf,50,F,50,5,"[13, 13, 13, 13]",F,F,F,F,F,F,F,F,F,F
cut,cap,first,Rand.Gauss025.50.25.10.gexf,50,1250,2,1,"[37, 37, 37, 37]",16.067737174358026,14.274196794609967,14.274196794609967,inf,228,0,0,0,0,"[16.067737174358026, 14.274196794609967]"
cut,cap,first,Rand.Gauss025.50.25.10.gexf,50,1250,3,2,"[37, 37, 37, 37]",16.067737174358026,12.105757562195773,12.105757562195773,inf,420,0,0,0,0,"[16.067737174358026, 12.105757562195773]"
cut,cap,first,Rand.Gauss025.50.25.10.gexf,50,1250,5,3,"[37, 37, 37, 37]",16.067737174358026,8.966585523860289,8.966585523860289,inf,425,0,0,0,0,"[16.067737174358026, 8.966585523860289]"
cut,cap,first,Rand.Gauss025.50.25.10.gexf,50,1250,10,4,"[37, 37, 37, 37]",16.067737174358026,4.262096349475249,4.262096349475249,inf,613,0,0,0,0,"[16.067737174358026, 4.262096349475249]"
cut,cap,first,Rand.Gauss025.50.25.10.gexf,50,F,50,5,"[37, 37, 37, 37]",F,F,F,F,F,F,F,F,F,F
cut,cap,first,Rand.Gauss025.50.5.11.gexf,50,250,2,1,"[7, 7, 7, 7]",3.6749702403738236,2.3255071446649054,2.3255071446649054,inf,1117,0,0,0,0,"[3.6749702403738236, 2.3255071446649054]"
cut,cap,first,Rand.Gauss025.50.5.11.gexf,50,250,3,2,"[7, 7, 7, 7]",3.6749702403738236,0.7905842399946323,0.7905842399946323,inf,1894,0,0,0,0,"[3.6749702403738236, 0.7905842399946323]"
cut,cap,first,Rand.Gauss025.50.5.11.gexf,50,250,5,3,"[7, 7, 7, 7]",3.6749702403738236,0,0,inf,0,0,0,0,0,"[3.6749702403738236, 0]"
cut,cap,first,Rand.Gauss025.50.5.11.gexf,50,F,10,4,"[7, 7, 7, 7]",F,F,F,F,F,F,F,F,F,F
cut,cap,first,Rand.Gauss025.50.5.11.gexf,50,F,50,5,"[7, 7, 7, 7]",F,F,F,F,F,F,F,F,F,F
cut,cap,first,Rand.Gauss025.50.10.11.gexf,50,500,2,1,"[15, 15, 15, 15]",7.189971853384725,5.634805066956208,5.634805066956208,inf,1275,0,0,0,0,"[7.189971853384725, 5.634805066956208]"
cut,cap,first,Rand.Gauss025.50.10.11.gexf,50,500,3,2,"[15, 15, 15, 15]",7.189971853384725,3.6266451577882868,3.6266451577882868,inf,1352,0,0,0,0,"[7.189971853384725, 3.6266451577882868]"
cut,cap,first,Rand.Gauss025.50.10.11.gexf,50,500,5,3,"[15, 15, 15, 15]",7.189971853384725,1.1507246342869317,1.1507246342869317,inf,2429,0,0,0,0,"[7.189971853384725, 1.1507246342869317]"
cut,cap,first,Rand.Gauss025.50.10.11.gexf,50,500,10,4,"[15, 15, 15, 15]",7.189971853384725,0,0,inf,0,0,0,0,0,"[7.189971853384725, 0]"
cut,cap,first,Rand.Gauss025.50.10.11.gexf,50,F,50,5,"[15, 15, 15, 15]",F,F,F,F,F,F,F,F,F,F
cut,cap,first,Rand.Gauss025.50.25.11.gexf,50,1250,2,1,"[35, 35, 35, 35]",15.367529938560367,13.595107964724843,13.595107964724843,inf,411,0,0,0,0,"[15.367529938560367, 13.595107964724843]"
cut,cap,first,Rand.Gauss025.50.25.11.gexf,50,1250,3,2,"[35, 35, 35, 35]",15.367529938560367,11.35513627203883,11.35513627203883,inf,574,0,0,0,0,"[15.367529938560367, 11.35513627203883]"
cut,cap,first,Rand.Gauss025.50.25.11.gexf,50,1250,5,3,"[35, 35, 35, 35]",15.367529938560367,8.436309006640514,8.436309006640514,inf,603,0,0,0,0,"[15.367529938560367, 8.436309006640514]"
cut,cap,first,Rand.Gauss025.50.25.11.gexf,50,1250,10,4,"[35, 35, 35, 35]",15.367529938560367,3.78845137175902,3.78845137175902,inf,1028,0,0,0,0,"[15.367529938560367, 3.78845137175902]"
cut,cap,first,Rand.Gauss025.50.25.11.gexf,50,F,50,5,"[35, 35, 35, 35]",F,F,F,F,F,F,F,F,F,F
cut,cap,first,Rand.Gauss025.50.5.12.gexf,50,250,2,1,"[8, 8, 8, 8]",4.43047616043065,3.0314147054773755,3.0314147054773755,inf,1084,0,0,0,0,"[4.43047616043065, 3.0314147054773755]"
cut,cap,first,Rand.Gauss025.50.5.12.gexf,50,250,3,2,"[8, 8, 8, 8]",4.43047616043065,1.102066267531023,1.102066267531023,inf,2557,0,0,0,0,"[4.43047616043065, 1.102066267531023]"
cut,cap,first,Rand.Gauss025.50.5.12.gexf,50,250,5,3,"[8, 8, 8, 8]",4.43047616043065,0,0,inf,0,0,0,0,0,"[4.43047616043065, 0]"
cut,cap,first,Rand.Gauss025.50.5.12.gexf,50,F,10,4,"[8, 8, 8, 8]",F,F,F,F,F,F,F,F,F,F
cut,cap,first,Rand.Gauss025.50.5.12.gexf,50,F,50,5,"[8, 8, 8, 8]",F,F,F,F,F,F,F,F,F,F
cut,cap,first,Rand.Gauss025.50.10.12.gexf,50,500,2,1,"[15, 15, 15, 15]",7.432863579344193,5.870169489207591,5.870169489207591,inf,530,0,0,0,0,"[7.432863579344193, 5.870169489207591]"
cut,cap,first,Rand.Gauss025.50.10.12.gexf,50,500,3,2,"[15, 15, 15, 15]",7.432863579344193,3.94583911017404,3.94583911017404,inf,2276,0,0,0,0,"[7.432863579344193, 3.94583911017404]"
cut,cap,first,Rand.Gauss025.50.10.12.gexf,50,500,5,3,"[15, 15, 15, 15]",7.432863579344193,1.3586739519731725,1.3586739519731725,inf,1482,0,0,0,0,"[7.432863579344193, 1.3586739519731725]"
cut,cap,first,Rand.Gauss025.50.10.12.gexf,50,500,10,4,"[15, 15, 15, 15]",7.432863579344193,0,0,inf,0,0,0,0,0,"[7.432863579344193, 0]"
cut,cap,first,Rand.Gauss025.50.10.12.gexf,50,F,50,5,"[15, 15, 15, 15]",F,F,F,F,F,F,F,F,F,F
cut,cap,first,Rand.Gauss025.50.25.12.gexf,50,1250,2,1,"[38, 38, 38, 38]",17.53952052649533,15.694481599449261,15.694481599449261,inf,418,0,0,0,0,"[17.53952052649533, 15.694481599449261]"
cut,cap,first,Rand.Gauss025.50.25.12.gexf,50,1250,3,2,"[38, 38, 38, 38]",17.53952052649533,13.32332779703039,13.32332779703039,inf,420,0,0,0,0,"[17.53952052649533, 13.32332779703039]"
cut,cap,first,Rand.Gauss025.50.25.12.gexf,50,1250,5,3,"[38, 38, 38, 38]",17.53952052649533,9.768628347229702,9.768628347229702,inf,431,0,0,0,0,"[17.53952052649533, 9.768628347229702]"
cut,cap,first,Rand.Gauss025.50.25.12.gexf,50,1250,10,4,"[38, 38, 38, 38]",17.53952052649533,3.7195835869017917,3.7195835869017917,inf,622,0,0,0,0,"[17.53952052649533, 3.7195835869017917]"
cut,cap,first,Rand.Gauss025.50.25.12.gexf,50,F,50,5,"[38, 38, 38, 38]",F,F,F,F,F,F,F,F,F,F
cut,cap,first,Rand.Gauss025.50.5.13.gexf,50,250,2,1,"[9, 9, 9, 9]",4.13637434053442,2.3710678889488754,2.3710678889488754,inf,1712,0,0,0,0,"[4.13637434053442, 2.3710678889488754]"
cut,cap,first,Rand.Gauss025.50.5.13.gexf,50,250,3,2,"[9, 9, 9, 9]",4.13637434053442,0.8213661026919994,0.8213661026919994,inf,2602,0,0,0,0,"[4.13637434053442, 0.8213661026919994]"
cut,cap,first,Rand.Gauss025.50.5.13.gexf,50,250,5,3,"[9, 9, 9, 9]",4.13637434053442,0,0,inf,0,0,0,0,0,"[4.13637434053442, 0]"
cut,cap,first,Rand.Gauss025.50.5.13.gexf,50,F,10,4,"[9, 9, 9, 9]",F,F,F,F,F,F,F,F,F,F
cut,cap,first,Rand.Gauss025.50.5.13.gexf,50,F,50,5,"[9, 9, 9, 9]",F,F,F,F,F,F,F,F,F,F
cut,cap,first,Rand.Gauss025.50.10.13.gexf,50,500,2,1,"[17, 17, 17, 17]",8.418257289346126,6.711282932010655,6.711282932010655,inf,887,0,0,0,0,"[8.418257289346126, 6.711282932010655]"
cut,cap,first,Rand.Gauss025.50.10.13.gexf,50,500,3,2,"[17, 17, 17, 17]",8.418257289346126,4.708559371572367,4.708559371572367,inf,2065,0,0,0,0,"[8.418257289346126, 4.708559371572367]"
cut,cap,first,Rand.Gauss025.50.10.13.gexf,50,500,5,3,"[17, 17, 17, 17]",8.418257289346126,2.1200098358805572,2.1200098358805572,inf,1441,0,0,0,0,"[8.418257289346126, 2.1200098358805572]"
cut,cap,first,Rand.Gauss025.50.10.13.gexf,50,500,10,4,"[17, 17, 17, 17]",8.418257289346126,0,0,inf,0,0,0,0,0,"[8.418257289346126, 0]"
cut,cap,first,Rand.Gauss025.50.10.13.gexf,50,F,50,5,"[17, 17, 17, 17]",F,F,F,F,F,F,F,F,F,F
cut,cap,first,Rand.Gauss025.50.25.13.gexf,50,1250,2,1,"[38, 38, 38, 38]",19.75745813159354,17.890700632993084,17.890700632993084,inf,272,0,0,0,0,"[19.75745813159354, 17.890700632993084]"
cut,cap,first,Rand.Gauss025.50.25.13.gexf,50,1250,3,2,"[38, 38, 38, 38]",19.75745813159354,15.297069467983567,15.297069467983567,inf,331,0,0,0,0,"[19.75745813159354, 15.297069467983567]"
cut,cap,first,Rand.Gauss025.50.25.13.gexf,50,1250,5,3,"[38, 38, 38, 38]",19.75745813159354,11.638824716442398,11.638824716442398,inf,438,0,0,0,0,"[19.75745813159354, 11.638824716442398]"
cut,cap,first,Rand.Gauss025.50.25.13.gexf,50,1250,10,4,"[38, 38, 38, 38]",19.75745813159354,5.419650028671872,5.419650028671872,inf,452,0,0,0,0,"[19.75745813159354, 5.419650028671872]"
cut,cap,first,Rand.Gauss025.50.25.13.gexf,50,F,50,5,"[38, 38, 38, 38]",F,F,F,F,F,F,F,F,F,F
cut,cap,first,Rand.Gauss025.50.5.14.gexf,50,250,2,1,"[7, 7, 7, 7]",3.846321863043924,2.3788160172154433,2.3788160172154433,inf,1077,0,0,0,0,"[3.846321863043924, 2.3788160172154433]"
cut,cap,first,Rand.Gauss025.50.5.14.gexf,50,250,3,2,"[7, 7, 7, 7]",3.846321863043924,1.0759474700967533,1.0759474700967533,inf,2509,0,0,0,0,"[3.846321863043924, 1.0759474700967533]"
cut,cap,first,Rand.Gauss025.50.5.14.gexf,50,250,5,3,"[7, 7, 7, 7]",3.846321863043924,0,0,inf,0,0,0,0,0,"[3.846321863043924, 0]"
cut,cap,first,Rand.Gauss025.50.5.14.gexf,50,F,10,4,"[7, 7, 7, 7]",F,F,F,F,F,F,F,F,F,F
cut,cap,first,Rand.Gauss025.50.5.14.gexf,50,F,50,5,"[7, 7, 7, 7]",F,F,F,F,F,F,F,F,F,F
cut,cap,first,Rand.Gauss025.50.10.14.gexf,50,500,2,1,"[18, 18, 18, 18]",8.91256523976846,7.396830839174305,7.396830839174305,inf,606,0,0,0,0,"[8.91256523976846, 7.396830839174305]"
cut,cap,first,Rand.Gauss025.50.10.14.gexf,50,500,3,2,"[18, 18, 18, 18]",8.91256523976846,5.4594437586837365,5.4594437586837365,inf,759,0,0,0,0,"[8.91256523976846, 5.4594437586837365]"
cut,cap,first,Rand.Gauss025.50.10.14.gexf,50,500,5,3,"[18, 18, 18, 18]",8.91256523976846,2.6356038849588517,2.6356038849588517,inf,1407,0,0,0,0,"[8.91256523976846, 2.6356038849588517]"
cut,cap,first,Rand.Gauss025.50.10.14.gexf,50,500,10,4,"[18, 18, 18, 18]",8.91256523976846,0,0,inf,0,0,0,0,0,"[8.91256523976846, 0]"
cut,cap,first,Rand.Gauss025.50.10.14.gexf,50,F,50,5,"[18, 18, 18, 18]",F,F,F,F,F,F,F,F,F,F
cut,cap,first,Rand.Gauss025.50.25.14.gexf,50,1250,2,1,"[36, 36, 36, 36]",14.847935610987602,13.166633354594952,13.166633354594952,inf,330,0,0,0,0,"[14.847935610987602, 13.166633354594952]"
cut,cap,first,Rand.Gauss025.50.25.14.gexf,50,1250,3,2,"[36, 36, 36, 36]",14.847935610987602,11.00838822313303,11.00838822313303,inf,573,0,0,0,0,"[14.847935610987602, 11.00838822313303]"
cut,cap,first,Rand.Gauss025.50.25.14.gexf,50,1250,5,3,"[36, 36, 36, 36]",14.847935610987602,8.0009626528579,8.0009626528579,inf,604,0,0,0,0,"[14.847935610987602, 8.0009626528579]"
cut,cap,first,Rand.Gauss025.50.25.14.gexf,50,1250,10,4,"[36, 36, 36, 36]",14.847935610987602,3.2958699711099952,3.2958699711099952,inf,626,0,0,0,0,"[14.847935610987602, 3.2958699711099952]"
cut,cap,first,Rand.Gauss025.50.25.14.gexf,50,F,50,5,"[36, 36, 36, 36]",F,F,F,F,F,F,F,F,F,F
cut,cap,first,Rand.Gauss025.50.5.15.gexf,50,250,2,1,"[8, 8, 8, 8]",4.510429413339267,2.817454938228266,2.817454938228266,inf,1027,0,0,0,0,"[4.510429413339267, 2.817454938228266]"
cut,cap,first,Rand.Gauss025.50.5.15.gexf,50,250,3,2,"[8, 8, 8, 8]",4.510429413339267,0.985659836215981,0.985659836215981,inf,2640,0,0,0,0,"[4.510429413339267, 0.985659836215981]"
cut,cap,first,Rand.Gauss025.50.5.15.gexf,50,250,5,3,"[8, 8, 8, 8]",4.510429413339267,0,0,inf,0,0,0,0,0,"[4.510429413339267, 0]"
cut,cap,first,Rand.Gauss025.50.5.15.gexf,50,F,10,4,"[8, 8, 8, 8]",F,F,F,F,F,F,F,F,F,F
cut,cap,first,Rand.Gauss025.50.5.15.gexf,50,F,50,5,"[8, 8, 8, 8]",F,F,F,F,F,F,F,F,F,F
cut,cap,first,Rand.Gauss025.50.10.15.gexf,50,500,2,1,"[16, 16, 16, 16]",8.404414273337977,6.55342861384514,6.55342861384514,inf,713,0,0,0,0,"[8.404414273337977, 6.55342861384514]"
cut,cap,first,Rand.Gauss025.50.10.15.gexf,50,500,3,2,"[16, 16, 16, 16]",8.404414273337977,4.239095740200112,4.239095740200112,inf,861,0,0,0,0,"[8.404414273337977, 4.239095740200112]"
cut,cap,first,Rand.Gauss025.50.10.15.gexf,50,500,5,3,"[16, 16, 16, 16]",8.404414273337977,1.4494040183086372,1.4494040183086372,inf,2406,0,0,0,0,"[8.404414273337977, 1.4494040183086372]"
cut,cap,first,Rand.Gauss025.50.10.15.gexf,50,500,10,4,"[16, 16, 16, 16]",8.404414273337977,0,0,inf,0,0,0,0,0,"[8.404414273337977, 0]"
cut,cap,first,Rand.Gauss025.50.10.15.gexf,50,F,50,5,"[16, 16, 16, 16]",F,F,F,F,F,F,F,F,F,F
cut,cap,first,Rand.Gauss025.50.25.15.gexf,50,1250,2,1,"[30, 30, 30, 30]",16.09896479977589,14.29151856986795,14.29151856986795,inf,571,0,0,0,0,"[16.09896479977589, 14.29151856986795]"
cut,cap,first,Rand.Gauss025.50.25.15.gexf,50,1250,3,2,"[30, 30, 30, 30]",16.09896479977589,11.939960438017655,11.939960438017655,inf,586,0,0,0,0,"[16.09896479977589, 11.939960438017655]"
cut,cap,first,Rand.Gauss025.50.25.15.gexf,50,1250,5,3,"[30, 30, 30, 30]",16.09896479977589,8.549125143746009,8.549125143746009,inf,508,0,0,0,0,"[16.09896479977589, 8.549125143746009]"
cut,cap,first,Rand.Gauss025.50.25.15.gexf,50,1250,10,4,"[30, 30, 30, 30]",16.09896479977589,2.8780746475147327,2.8780746475147327,inf,1034,0,0,0,0,"[16.09896479977589, 2.8780746475147327]"
cut,cap,first,Rand.Gauss025.50.25.15.gexf,50,F,50,5,"[30, 30, 30, 30]",F,F,F,F,F,F,F,F,F,F
cut,cap,first,Rand.Gauss025.50.5.16.gexf,50,250,2,1,"[6, 6, 6, 6]",2.618535914151872,1.3922328407173894,1.3922328407173894,inf,1809,0,0,0,0,"[2.618535914151872, 1.3922328407173894]"
cut,cap,first,Rand.Gauss025.50.5.16.gexf,50,250,3,2,"[6, 6, 6, 6]",2.618535914151872,0.0390664170481001,0.0390664170481001,inf,4498,0,0,0,0,"[2.618535914151872, 0.0390664170481001]"
cut,cap,first,Rand.Gauss025.50.5.16.gexf,50,250,5,3,"[6, 6, 6, 6]",2.618535914151872,0,0,inf,0,0,0,0,0,"[2.618535914151872, 0]"
cut,cap,first,Rand.Gauss025.50.5.16.gexf,50,F,10,4,"[6, 6, 6, 6]",F,F,F,F,F,F,F,F,F,F
cut,cap,first,Rand.Gauss025.50.5.16.gexf,50,F,50,5,"[6, 6, 6, 6]",F,F,F,F,F,F,F,F,F,F
cut,cap,first,Rand.Gauss025.50.10.16.gexf,50,500,2,1,"[14, 14, 14, 14]",7.25895284704455,5.618671895474864,5.618671895474864,inf,624,0,0,0,0,"[7.25895284704455, 5.618671895474864]"
cut,cap,first,Rand.Gauss025.50.10.16.gexf,50,500,3,2,"[14, 14, 14, 14]",7.25895284704455,3.57750574593428,3.57750574593428,inf,1397,0,0,0,0,"[7.25895284704455, 3.57750574593428]"
cut,cap,first,Rand.Gauss025.50.10.16.gexf,50,500,5,3,"[14, 14, 14, 14]",7.25895284704455,0.9629027498427133,0.9629027498427133,inf,1504,0,0,0,0,"[7.25895284704455, 0.9629027498427133]"
cut,cap,first,Rand.Gauss025.50.10.16.gexf,50,500,10,4,"[14, 14, 14, 14]",7.25895284704455,0,0,inf,0,0,0,0,0,"[7.25895284704455, 0]"
cut,cap,first,Rand.Gauss025.50.10.16.gexf,50,F,50,5,"[14, 14, 14, 14]",F,F,F,F,F,F,F,F,F,F
cut,cap,first,Rand.Gauss025.50.25.16.gexf,50,1250,2,1,"[41, 41, 41, 41]",21.6315790194814,19.27795860012128,19.27795860012128,inf,192,0,0,0,0,"[21.6315790194814, 19.27795860012128]"
cut,cap,first,Rand.Gauss025.50.25.16.gexf,50,1250,3,2,"[41, 41, 41, 41]",21.6315790194814,16.327319812801363,16.327319812801363,inf,270,0,0,0,0,"[21.6315790194814, 16.327319812801363]"
cut,cap,first,Rand.Gauss025.50.25.16.gexf,50,1250,5,3,"[41, 41, 41, 41]",21.6315790194814,12.202978724118708,12.202978724118708,inf,932,0,0,0,0,"[21.6315790194814, 12.202978724118708]"
cut,cap,first,Rand.Gauss025.50.25.16.gexf,50,1250,10,4,"[41, 41, 41, 41]",21.6315790194814,6.072422415936238,6.072422415936238,inf,608,0,0,0,0,"[21.6315790194814, 6.072422415936238]"
cut,cap,first,Rand.Gauss025.50.25.16.gexf,50,F,50,5,"[41, 41, 41, 41]",F,F,F,F,F,F,F,F,F,F
cut,cap,first,Rand.Gauss025.50.5.17.gexf,50,250,2,1,"[8, 8, 8, 8]",3.5980755360889844,2.0770833960556505,2.0770833960556505,inf,2259,0,0,0,0,"[3.5980755360889844, 2.0770833960556505]"
cut,cap,first,Rand.Gauss025.50.5.17.gexf,50,250,3,2,"[8, 8, 8, 8]",3.5980755360889844,0.6350168776314118,0.6350168776314118,inf,4195,0,0,0,0,"[3.5980755360889844, 0.6350168776314118]"
cut,cap,first,Rand.Gauss025.50.5.17.gexf,50,250,5,3,"[8, 8, 8, 8]",3.5980755360889844,0,0,inf,0,0,0,0,0,"[3.5980755360889844, 0]"
cut,cap,first,Rand.Gauss025.50.5.17.gexf,50,F,10,4,"[8, 8, 8, 8]",F,F,F,F,F,F,F,F,F,F
cut,cap,first,Rand.Gauss025.50.5.17.gexf,50,F,50,5,"[8, 8, 8, 8]",F,F,F,F,F,F,F,F,F,F
cut,cap,first,Rand.Gauss025.50.10.17.gexf,50,500,2,1,"[20, 20, 20, 20]",9.54423269441883,8.066564718899087,8.066564718899087,inf,761,0,0,0,0,"[9.54423269441883, 8.066564718899087]"
cut,cap,first,Rand.Gauss025.50.10.17.gexf,50,500,3,2,"[20, 20, 20, 20]",9.54423269441883,6.073267287968748,6.073267287968748,inf,2187,0,0,0,0,"[9.54423269441883, 6.073267287968748]"
cut,cap,first,Rand.Gauss025.50.10.17.gexf,50,500,5,3,"[20, 20, 20, 20]",9.54423269441883,3.400828124931796,3.400828124931796,inf,1477,0,0,0,0,"[9.54423269441883, 3.400828124931796]"
cut,cap,first,Rand.Gauss025.50.10.17.gexf,50,500,10,4,"[20, 20, 20, 20]",9.54423269441883,0,0,inf,0,0,0,0,0,"[9.54423269441883, 0]"
cut,cap,first,Rand.Gauss025.50.10.17.gexf,50,F,50,5,"[20, 20, 20, 20]",F,F,F,F,F,F,F,F,F,F
cut,cap,first,Rand.Gauss025.50.25.17.gexf,50,1250,2,1,"[40, 40, 40, 40]",20.3979240843424,18.61026640846048,18.61026640846048,inf,266,0,0,0,0,"[20.3979240843424, 18.61026640846048]"
cut,cap,first,Rand.Gauss025.50.25.17.gexf,50,1250,3,2,"[40, 40, 40, 40]",20.3979240843424,16.29693290486324,16.29693290486324,inf,234,0,0,0,0,"[20.3979240843424, 16.29693290486324]"
cut,cap,first,Rand.Gauss025.50.25.17.gexf,50,1250,5,3,"[40, 40, 40, 40]",20.3979240843424,12.95724815161747,12.95724815161747,inf,339,0,0,0,0,"[20.3979240843424, 12.95724815161747]"
cut,cap,first,Rand.Gauss025.50.25.17.gexf,50,1250,10,4,"[40, 40, 40, 40]",20.3979240843424,7.092521981510358,7.092521981510358,inf,985,0,0,0,0,"[20.3979240843424, 7.092521981510358]"
cut,cap,first,Rand.Gauss025.50.25.17.gexf,50,F,50,5,"[40, 40, 40, 40]",F,F,F,F,F,F,F,F,F,F
cut,cap,first,Rand.Gauss025.50.5.18.gexf,50,250,2,1,"[7, 7, 7, 7]",3.6604045343600666,2.139260888380927,2.139260888380927,inf,1750,0,0,0,0,"[3.6604045343600666, 2.139260888380927]"
cut,cap,first,Rand.Gauss025.50.5.18.gexf,50,250,3,2,"[7, 7, 7, 7]",3.6604045343600666,0.7478729099812748,0.7478729099812748,inf,4281,0,0,0,0,"[3.6604045343600666, 0.7478729099812748]"
cut,cap,first,Rand.Gauss025.50.5.18.gexf,50,250,5,3,"[7, 7, 7, 7]",3.6604045343600666,0,0,inf,0,0,0,0,0,"[3.6604045343600666, 0]"
cut,cap,first,Rand.Gauss025.50.5.18.gexf,50,F,10,4,"[7, 7, 7, 7]",F,F,F,F,F,F,F,F,F,F
cut,cap,first,Rand.Gauss025.50.5.18.gexf,50,F,50,5,"[7, 7, 7, 7]",F,F,F,F,F,F,F,F,F,F
cut,cap,first,Rand.Gauss025.50.10.18.gexf,50,500,2,1,"[16, 16, 16, 16]",9.181662328554928,6.678707964633596,6.678707964633596,inf,539,0,0,0,0,"[9.181662328554928, 6.678707964633596]"
cut,cap,first,Rand.Gauss025.50.10.18.gexf,50,500,3,2,"[16, 16, 16, 16]",9.181662328554928,4.0758963100831105,4.0758963100831105,inf,1028,0,0,0,0,"[9.181662328554928, 4.0758963100831105]"
cut,cap,first,Rand.Gauss025.50.10.18.gexf,50,500,5,3,"[16, 16, 16, 16]",9.181662328554928,1.4010010155533479,1.4010010155533479,inf,2444,0,0,0,0,"[9.181662328554928, 1.4010010155533479]"
cut,cap,first,Rand.Gauss025.50.10.18.gexf,50,500,10,4,"[16, 16, 16, 16]",9.181662328554928,0,0,inf,0,0,0,0,0,"[9.181662328554928, 0]"
cut,cap,first,Rand.Gauss025.50.10.18.gexf,50,F,50,5,"[16, 16, 16, 16]",F,F,F,F,F,F,F,F,F,F
cut,cap,first,Rand.Gauss025.50.25.18.gexf,50,1250,2,1,"[39, 39, 39, 39]",18.27929254179223,16.47475555666962,16.47475555666962,inf,326,0,0,0,0,"[18.27929254179223, 16.47475555666962]"
cut,cap,first,Rand.Gauss025.50.25.18.gexf,50,1250,3,2,"[39, 39, 39, 39]",18.27929254179223,14.313351340201356,14.313351340201356,inf,329,0,0,0,0,"[18.27929254179223, 14.313351340201356]"
cut,cap,first,Rand.Gauss025.50.25.18.gexf,50,1250,5,3,"[39, 39, 39, 39]",18.27929254179223,10.948665485849329,10.948665485849329,inf,576,0,0,0,0,"[18.27929254179223, 10.948665485849329]"
cut,cap,first,Rand.Gauss025.50.25.18.gexf,50,1250,10,4,"[39, 39, 39, 39]",18.27929254179223,5.698303003957103,5.698303003957103,inf,617,0,0,0,0,"[18.27929254179223, 5.698303003957103]"
cut,cap,first,Rand.Gauss025.50.25.18.gexf,50,F,50,5,"[39, 39, 39, 39]",F,F,F,F,F,F,F,F,F,F
cut,cap,first,Rand.Gauss025.50.5.19.gexf,50,250,2,1,"[8, 8, 8, 8]",4.315392833991698,2.6307527393246275,2.6307527393246275,inf,1028,0,0,0,0,"[4.315392833991698, 2.6307527393246275]"
cut,cap,first,Rand.Gauss025.50.5.19.gexf,50,250,3,2,"[8, 8, 8, 8]",4.315392833991698,1.2111076556682097,1.2111076556682097,inf,2423,0,0,0,0,"[4.315392833991698, 1.2111076556682097]"
cut,cap,first,Rand.Gauss025.50.5.19.gexf,50,250,5,3,"[8, 8, 8, 8]",4.315392833991698,0,0,inf,0,0,0,0,0,"[4.315392833991698, 0]"
cut,cap,first,Rand.Gauss025.50.5.19.gexf,50,F,10,4,"[8, 8, 8, 8]",F,F,F,F,F,F,F,F,F,F
cut,cap,first,Rand.Gauss025.50.5.19.gexf,50,F,50,5,"[8, 8, 8, 8]",F,F,F,F,F,F,F,F,F,F
cut,cap,first,Rand.Gauss025.50.10.19.gexf,50,500,2,1,"[18, 18, 18, 18]",9.010236658872829,7.0898744858595535,7.0898744858595535,inf,568,0,0,0,0,"[9.010236658872829, 7.0898744858595535]"
cut,cap,first,Rand.Gauss025.50.10.19.gexf,50,500,3,2,"[18, 18, 18, 18]",9.010236658872829,4.90090929690363,4.90090929690363,inf,1382,0,0,0,0,"[9.010236658872829, 4.90090929690363]"
cut,cap,first,Rand.Gauss025.50.10.19.gexf,50,500,5,3,"[18, 18, 18, 18]",9.010236658872829,2.1239714400699925,2.1239714400699925,inf,1478,0,0,0,0,"[9.010236658872829, 2.1239714400699925]"
cut,cap,first,Rand.Gauss025.50.10.19.gexf,50,500,10,4,"[18, 18, 18, 18]",9.010236658872829,0,0,inf,0,0,0,0,0,"[9.010236658872829, 0]"
cut,cap,first,Rand.Gauss025.50.10.19.gexf,50,F,50,5,"[18, 18, 18, 18]",F,F,F,F,F,F,F,F,F,F
cut,cap,first,Rand.Gauss025.50.25.19.gexf,50,1250,2,1,"[34, 34, 34, 34]",15.344785496534287,13.654411441746579,13.654411441746579,inf,410,0,0,0,0,"[15.344785496534287, 13.654411441746579]"
cut,cap,first,Rand.Gauss025.50.25.19.gexf,50,1250,3,2,"[34, 34, 34, 34]",15.344785496534287,11.322733935040501,11.322733935040501,inf,582,0,0,0,0,"[15.344785496534287, 11.322733935040501]"
cut,cap,first,Rand.Gauss025.50.25.19.gexf,50,1250,5,3,"[34, 34, 34, 34]",15.344785496534287,8.224523858927109,8.224523858927109,inf,429,0,0,0,0,"[15.344785496534287, 8.224523858927109]"
cut,cap,first,Rand.Gauss025.50.25.19.gexf,50,1250,10,4,"[34, 34, 34, 34]",15.344785496534287,3.2576317012283638,3.2576317012283638,inf,1038,0,0,0,0,"[15.344785496534287, 3.2576317012283638]"
cut,cap,first,Rand.Gauss025.50.25.19.gexf,50,F,50,5,"[34, 34, 34, 34]",F,F,F,F,F,F,F,F,F,F
